USE circuitmart;

INSERT INTO customers (cust_id, street, city, state, zip_code, first_name, last_name, email, dob, phone) VALUES(1, '5 Norway Maple Place', 'Springfield', 'Massachusetts', 1152, 'Demetria', 'Tittletross', 'dtittletross0@spiegel.de', '1958-12-06', '413-482-2743')
,(2, '65 Hudson Place', 'Saint Paul', 'Minnesota', 55166, 'Cody', 'Meneghelli', 'cmeneghelli1@rakuten.co.jp', '1959-06-16', '651-149-3966')
,(3, '8 Miller Trail', 'Stamford', 'Connecticut', 6922, 'Shaina', 'Moffat', 'smoffat2@youku.com', '1981-02-01', '203-320-8168')
,(4, '8 Farwell Center', 'Bridgeport', 'Connecticut', 6673, 'Tera', 'McInility', 'tmcinility3@nsw.gov.au', '1962-01-04', '203-235-1178')
,(5, '036 Mayer Pass', 'Norwalk', 'Connecticut', 6859, 'Delaney', 'Georgi', 'dgeorgi4@sina.com.cn', '2005-01-25', '203-690-3538')
,(6, '11 Kenwood Way', 'Chicago', 'Illinois', 60636, 'Vitoria', 'Oldam', 'voldam5@nyu.edu', '1993-03-22', '312-480-6104')
,(7, '5279 Sunfield Alley', 'Las Vegas', 'Nevada', 89150, 'Alejoa', 'Lanchbery', 'alanchbery6@dailymotion.com', '1956-08-31', '702-635-3934')
,(8, '3502 Stephen Hill', 'Montgomery', 'Alabama', 36134, 'Sax', 'Sizland', 'ssizland7@army.mil', '1964-05-24', '334-769-3489')
,(9, '28043 Scofield Trail', 'Hollywood', 'Florida', 33028, 'Laurent', 'Bosche', 'lbosche8@aol.com', '1953-09-20', '954-752-9885')
,(10, '901 Northridge Terrace', 'Akron', 'Ohio', 44329, 'Silvano', 'Penna', 'spenna9@archive.org', '1994-08-08', '330-484-2826')
,(11, '4 Leroy Place', 'Saint Louis', 'Missouri', 63116, 'Bartlet', 'Kinneally', 'bkinneallya@drupal.org', '1988-04-06', '314-820-4908')
,(12, '0 Namekagon Street', 'El Paso', 'Texas', 79977, 'Donnamarie', 'Westwood', 'dwestwoodb@tuttocitta.it', '1972-07-08', '915-547-8840')
,(13, '094 Stoughton Hill', 'Chicago', 'Illinois', 60630, 'Candy', 'Van Son', 'cvansonc@cisco.com', '2004-04-13', '847-177-3523')
,(14, '13526 Del Sol Trail', 'Sacramento', 'California', 95823, 'Peggy', 'McAuslan', 'pmcausland@webs.com', '1944-03-16', '510-996-0825')
,(15, '160 Macpherson Park', 'Gilbert', 'Arizona', 85297, 'Grissel', 'Ivons', 'givonse@bravesites.com', '2004-12-25', '480-826-4307')
,(16, '6 Sloan Terrace', 'Seattle', 'Washington', 98140, 'Ken', 'Kurth', 'kkurthf@elegantthemes.com', '1958-12-15', '206-637-5542')
,(17, '093 Esker Drive', 'El Paso', 'Texas', 88584, 'Mercy', 'Hagan', 'mhagang@craigslist.org', '2003-10-24', '915-358-2359')
,(18, '1203 East Junction', 'Orange', 'California', 92867, 'Estella', 'Killick', 'ekillickh@noaa.gov', '1948-09-22', '714-391-0082')
,(19, '1 Farwell Hill', 'Erie', 'Pennsylvania', 16522, 'Alejandrina', 'Gwatkin', 'agwatkini@adobe.com', '1993-08-21', '814-501-0482')
,(20, '0344 La Follette Pass', 'Terre Haute', 'Indiana', 47812, 'Hally', 'Quinnelly', 'hquinnellyj@sina.com.cn', '1976-10-08', '812-614-9667')
,(21, '9 Crownhardt Drive', 'Shreveport', 'Louisiana', 71137, 'Raimondo', 'Janusik', 'rjanusikk@weather.com', '1945-10-05', '318-971-9797')
,(22, '2 Scofield Crossing', 'Kansas City', 'Missouri', 64114, 'Rhoda', 'Duxfield', 'rduxfieldl@amazonaws.com', '1982-11-13', '816-128-0294')
,(23, '55340 Dennis Terrace', 'Midland', 'Texas', 79705, 'Amerigo', 'Bearfoot', 'abearfootm@amazon.co.uk', '1957-09-21', '432-944-7743')
,(24, '35790 Meadow Valley Junction', 'Charlotte', 'North Carolina', 28210, 'Flori', 'Belamy', 'fbelamyn@guardian.co.uk', '1984-10-24', '704-823-2579')
,(25, '999 Milwaukee Junction', 'Lexington', 'Kentucky', 40510, 'Lilllie', 'Esel', 'leselo@ow.ly', '1966-12-16', '859-503-8468')
,(26, '31387 Butternut Junction', 'Springfield', 'Massachusetts', 1105, 'Corena', 'Kleinmintz', 'ckleinmintzp@yale.edu', '1943-08-20', '413-827-5743')
,(27, '7 Springview Center', 'Oklahoma City', 'Oklahoma', 73124, 'Garret', 'Spurryer', 'gspurryerq@archive.org', '1976-10-04', '405-679-9782')
,(28, '5268 Green Ridge Way', 'Amarillo', 'Texas', 79105, 'Tamera', 'Cloutt', 'tclouttr@surveymonkey.com', '1979-03-28', '806-607-7991')
,(29, '3472 Stoughton Street', 'Levittown', 'Pennsylvania', 19058, 'Tedra', 'Robertsson', 'trobertssons@narod.ru', '2000-04-12', '267-758-2176')
,(30, '1 Porter Place', 'Berkeley', 'California', 94705, 'Jesse', 'Timbs', 'jtimbst@engadget.com', '1946-01-08', '510-975-0929')
,(31, '9 Mitchell Drive', 'Las Vegas', 'Nevada', 89110, 'Horton', 'Lints', 'hlintsu@cnbc.com', '1949-08-15', '702-771-7051')
,(32, '26 Elgar Center', 'Inglewood', 'California', 90398, 'Lucian', 'Brimner', 'lbrimnerv@cornell.edu', '2002-01-13', '310-739-0736')
,(33, '18546 Canary Crossing', 'Herndon', 'Virginia', 22070, 'Marita', 'Starr', 'mstarrw@jalbum.net', '1968-04-26', '757-938-1784')
,(34, '94172 Sutteridge Plaza', 'Charlotte', 'North Carolina', 28210, 'Lynnelle', 'Papis', 'lpapisx@smugmug.com', '1985-12-10', '704-284-4138')
,(35, '8159 Rieder Circle', 'Saint Louis', 'Missouri', 63110, 'Laverna', 'Redmire', 'lredmirey@etsy.com', '1985-01-19', '314-957-5688')
,(36, '604 Sycamore Center', 'Salt Lake City', 'Utah', 84152, 'Jarrod', 'Pautard', 'jpautardz@addthis.com', '1967-11-25', '801-947-5503')
,(37, '9412 Prairie Rose Center', 'Stamford', 'Connecticut', 6922, 'Earvin', 'Dewdney', 'edewdney10@hatena.ne.jp', '1966-12-29', '203-434-7027')
,(38, '4 Eggendart Circle', 'New York City', 'New York', 10165, 'Norina', 'Merveille', 'nmerveille11@state.tx.us', '1991-01-31', '917-983-7580')
,(39, '3 Logan Street', 'Brooklyn', 'New York', 11210, 'Mattie', 'Keeting', 'mkeeting12@istockphoto.com', '1993-01-02', '718-474-7505')
,(40, '85008 Doe Crossing Circle', 'Lansing', 'Michigan', 48901, 'Gizela', 'Kliemke', 'gkliemke13@fotki.com', '1990-11-20', '517-967-6191')
,(41, '0464 Bellgrove Pass', 'Columbus', 'Ohio', 43210, 'Mac', 'Petrovykh', 'mpetrovykh14@meetup.com', '1995-07-28', '614-205-2453')
,(42, '1684 7th Road', 'Dallas', 'Texas', 75210, 'Dela', 'Pargeter', 'dpargeter15@sphinn.com', '1969-01-30', '214-413-9853')
,(43, '433 Village Green Park', 'Augusta', 'Georgia', 30919, 'Flynn', 'McClifferty', 'fmcclifferty16@ustream.tv', '1993-01-18', '706-179-2416')
,(44, '7 Toban Lane', 'Seattle', 'Washington', 98104, 'Janna', 'Thyer', 'jthyer17@businessinsider.com', '1987-12-17', '425-746-2027')
,(45, '273 Little Fleur Pass', 'Sacramento', 'California', 94263, 'Lavina', 'McGowan', 'lmcgowan18@symantec.com', '1957-01-24', '916-199-4357')
,(46, '0 Nelson Lane', 'Lubbock', 'Texas', 79405, 'Trisha', "O'Nolan", 'tonolan19@blog.com', '1977-07-25', '806-504-6136')
,(47, '638 Sullivan Drive', 'Gadsden', 'Alabama', 35905, 'Danila', 'Walworche', 'dwalworche1a@booking.com', '1959-08-20', '256-117-5392')
,(48, '5 Fisk Junction', 'Mobile', 'Alabama', 36610, 'Kiley', 'Gill', 'kgill1b@gmpg.org', '1995-01-01', '251-632-7740')
,(49, '874 Rockefeller Parkway', 'Des Moines', 'Iowa', 50310, 'Mic', 'Bettesworth', 'mbettesworth1c@state.gov', '1992-12-14', '515-591-4330')
,(50, '3 Schmedeman Road', 'Salem', 'Oregon', 97312, 'Leeanne', 'Billanie', 'lbillanie1d@skype.com', '1990-07-01', '971-369-8994')
,(51, '6232 Kedzie Point', 'Pueblo', 'Colorado', 81010, 'Emogene', 'Whieldon', 'ewhieldon1e@cnet.com', '1956-07-17', '719-524-1506')
,(52, '77 Melrose Hill', 'New Orleans', 'Louisiana', 70149, 'Micky', 'Izatt', 'mizatt1f@merriam-webster.com', '1974-11-18', '504-390-2867')
,(53, '97735 Packers Court', 'London', 'Kentucky', 40745, 'Dinny', 'Spendlove', 'dspendlove1g@upenn.edu', '1973-04-25', '606-279-7052')
,(54, '7763 Melrose Lane', 'Memphis', 'Tennessee', 38188, 'Sawyere', 'Coare', 'scoare1h@aboutads.info', '1950-06-16', '901-967-3723')
,(55, '194 Pankratz Terrace', 'Gainesville', 'Georgia', 30506, 'Alta', 'Wardale', 'awardale1i@yellowpages.com', '2001-08-01', '678-653-4573')
,(56, '32 Loftsgordon Court', 'Washington', 'District of Columbia', 20430, 'Krystal', 'Slate', 'kslate1j@springer.com', '1959-04-08', '202-154-3818')
,(57, '8176 Eastlawn Terrace', 'Temple', 'Texas', 76505, 'Tyne', 'Mumbray', 'tmumbray1k@wunderground.com', '1946-07-17', '254-756-0858')
,(58, '202 Pepper Wood Court', 'Charleston', 'West Virginia', 25305, 'Wynnie', 'Gammie', 'wgammie1l@themeforest.net', '1995-09-19', '304-786-2656')
,(59, '23 Union Avenue', 'Atlanta', 'Georgia', 30316, 'Rudyard', 'Loutheane', 'rloutheane1m@wikipedia.org', '1971-09-15', '404-192-3651')
,(60, '49613 Evergreen Avenue', 'Evansville', 'Indiana', 47725, 'Aggie', 'Iacivelli', 'aiacivelli1n@nbcnews.com', '1997-04-21', '812-890-7092')
,(61, '6 Valley Edge Avenue', 'Pocatello', 'Idaho', 83206, 'Thoma', 'Saurat', 'tsaurat1o@uiuc.edu', '1979-05-01', '208-213-6966')
,(62, '410 Twin Pines Court', 'Dayton', 'Ohio', 45408, 'Matilda', 'Kenewell', 'mkenewell1p@dot.gov', '1977-10-25', '937-948-7872')
,(63, '36 Commercial Point', 'Sacramento', 'California', 94273, 'Teri', 'Martignon', 'tmartignon1q@telegraph.co.uk', '1996-01-25', '916-772-5384')
,(64, '305 Stone Corner Avenue', 'Newton', 'Massachusetts', 2458, 'Alix', 'Southcomb', 'asouthcomb1r@sohu.com', '1967-05-11', '617-390-6618')
,(65, '42 Golf Way', 'Mobile', 'Alabama', 36610, 'Early', 'Pemberton', 'epemberton1s@squarespace.com', '1954-05-09', '251-473-7681')
,(66, '004 Mallory Circle', 'Washington', 'District of Columbia', 20456, 'Jerrie', 'Bolle', 'jbolle1t@apple.com', '1977-06-04', '202-198-7881')
,(67, '03 Myrtle Way', 'Tuscaloosa', 'Alabama', 35405, 'Darcy', 'Beacham', 'dbeacham1u@bizjournals.com', '1961-03-24', '205-121-0737')
,(68, '52 Mariners Cove Court', 'Sacramento', 'California', 95813, 'Riccardo', 'Goatcher', 'rgoatcher1v@princeton.edu', '1979-10-11', '916-709-2491')
,(69, '177 Browning Park', 'Beaufort', 'South Carolina', 29905, 'Ki', 'Berwick', 'kberwick1w@globo.com', '1994-03-18', '843-295-7320')
,(70, '71196 Bartelt Street', 'New York City', 'New York', 10009, 'Burr', 'Derrett', 'bderrett1x@blogspot.com', '1975-06-05', '917-686-9197')
,(71, '2 Anthes Plaza', 'Orlando', 'Florida', 32830, 'Berni', 'Pennicard', 'bpennicard1y@hhs.gov', '1961-01-17', '407-475-3198')
,(72, '46 Del Mar Point', 'New York City', 'New York', 10099, 'Wenonah', 'Varney', 'wvarney1z@wikia.com', '1959-01-15', '646-882-4092')
,(73, '931 Ridgeway Circle', 'Waltham', 'Massachusetts', 2453, 'Laurella', 'Hobbert', 'lhobbert20@kickstarter.com', '1981-03-26', '617-439-9138')
,(74, '8748 Spenser Lane', 'Toledo', 'Ohio', 43610, 'Kaitlynn', 'Toler', 'ktoler21@google.ru', '1972-07-16', '419-586-5769')
,(75, '92719 Lyons Pass', 'Grand Rapids', 'Michigan', 49510, 'Jermaine', 'Congreave', 'jcongreave22@elpais.com', '1989-08-04', '616-874-3445')
,(76, '543 Sloan Plaza', 'Fresno', 'California', 93773, 'Willy', 'Nassau', 'wnassau23@soundcloud.com', '1998-12-27', '559-397-6353')
,(77, '8568 Montana Hill', 'Atlanta', 'Georgia', 31165, 'Titus', 'Rubee', 'trubee24@salon.com', '1962-07-27', '404-517-7299')
,(78, '9 Straubel Road', 'Wilmington', 'North Carolina', 28405, 'Aurie', 'Lethibridge', 'alethibridge25@purevolume.com', '1946-10-25', '910-848-4186')
,(79, '544 Sycamore Place', 'Chicago', 'Illinois', 60681, 'Lida', 'Ondra', 'londra26@ftc.gov', '1965-11-07', '312-991-7679')
,(80, '6957 Jackson Trail', 'Hattiesburg', 'Mississippi', 39404, 'Elmer', 'Royston', 'eroyston27@homestead.com', '1957-09-25', '601-145-9818')
,(81, '4768 Laurel Point', 'Valdosta', 'Georgia', 31605, 'Adamo', 'Pilbury', 'apilbury28@csmonitor.com', '2004-01-21', '229-162-2037')
,(82, '9 Elmside Pass', 'San Antonio', 'Texas', 78225, 'Madelina', 'Minico', 'mminico29@stanford.edu', '1976-11-20', '210-801-3604')
,(83, '07 Waywood Park', 'Fort Pierce', 'Florida', 34981, 'Elna', 'Agronski', 'eagronski2a@howstuffworks.com', '1983-04-07', '772-976-0497')
,(84, '36 Columbus Court', 'Anderson', 'Indiana', 46015, 'Kennan', 'Giacomo', 'kgiacomo2b@stumbleupon.com', '1951-05-09', '765-485-3513')
,(85, '22805 Stoughton Parkway', 'Sioux Falls', 'South Dakota', 57188, 'Lindsay', 'Fryett', 'lfryett2c@alexa.com', '1945-10-18', '605-942-4461')
,(86, '6 Beilfuss Trail', 'Saint Paul', 'Minnesota', 55166, 'Joelly', 'Pidcock', 'jpidcock2d@wordpress.com', '1987-03-13', '651-498-8235')
,(87, '2 Dahle Point', 'Birmingham', 'Alabama', 35244, 'Moselle', 'McCarrick', 'mmccarrick2e@upenn.edu', '1997-08-17', '205-839-5460')
,(88, '36 Mcbride Way', 'Montgomery', 'Alabama', 36109, 'Tiffie', 'Gerardi', 'tgerardi2f@barnesandnoble.com', '2000-11-11', '334-225-7800')
,(89, '02897 Graedel Hill', 'Greensboro', 'North Carolina', 27409, 'Orion', 'Gorusso', 'ogorusso2g@ox.ac.uk', '1976-03-24', '336-792-1624')
,(90, '41827 Armistice Terrace', 'Rochester', 'New York', 14604, 'Herold', 'Mart', 'hmart2h@globo.com', '1957-07-07', '585-501-6667')
,(91, '3 Main Parkway', 'Atlanta', 'Georgia', 31119, 'Benjy', 'Reignould', 'breignould2i@cyberchimps.com', '1974-07-25', '770-152-7662')
,(92, '41790 Chinook Crossing', 'Pasadena', 'California', 91109, 'Bonnibelle', 'Dobson', 'bdobson2j@mayoclinic.com', '1965-12-23', '818-165-5882')
,(93, '8 Rockefeller Way', 'Denver', 'Colorado', 80279, 'Zach', 'Calrow', 'zcalrow2k@typepad.com', '2001-06-24', '303-338-7881')
,(94, '4568 Schurz Trail', 'Raleigh', 'North Carolina', 27610, 'Yasmin', 'Thow', 'ythow2l@1und1.de', '1959-03-23', '919-928-3691')
,(95, '6628 Clemons Parkway', 'Anchorage', 'Alaska', 99517, 'Mart', 'Peye', 'mpeye2m@homestead.com', '1987-10-07', '907-312-3699')
,(96, '6 Hoard Pass', 'Naples', 'Florida', 33963, 'Eduard', 'Retter', 'eretter2n@studiopress.com', '1979-09-05', '239-397-2491')
,(97, '69 Mcbride Pass', 'Washington', 'District of Columbia', 20591, 'Pip', 'Dyas', 'pdyas2o@dyndns.org', '1983-01-28', '202-254-1943')
,(98, '8387 Porter Hill', 'Richmond', 'Virginia', 23225, 'Roseann', 'Ellerey', 'rellerey2p@soup.io', '1996-05-25', '540-927-5927')
,(99, '1918 Vera Road', 'Pittsburgh', 'Pennsylvania', 15261, 'Neville', 'Stampe', 'nstampe2q@hugedomains.com', '1975-10-15', '412-853-7017')
,(100, '36 Macpherson Pass', 'Minneapolis', 'Minnesota', 55402, 'Falkner', 'Garlick', 'fgarlick2r@fc2.com', '1984-09-29', '952-794-5140')
,(101, '828 Burning Wood Point', 'Milwaukee', 'Wisconsin', 53234, 'Kristy', 'Haylett', 'khaylett2s@hud.gov', '1964-04-10', '414-700-6420')
,(102, '5426 Talmadge Point', 'San Antonio', 'Texas', 78235, 'Edd', 'Lovstrom', 'elovstrom2t@cocolog-nifty.com', '1981-03-01', '210-325-1198')
,(103, '19919 Summer Ridge Hill', 'Seattle', 'Washington', 98175, 'Allayne', 'Saile', 'asaile2u@examiner.com', '1996-01-08', '206-635-7058')
,(104, '8 Bultman Point', 'Tucson', 'Arizona', 85715, 'Livy', 'Knoton', 'lknoton2v@nationalgeographic.com', '2002-12-18', '520-363-0504')
,(105, '4296 Ramsey Lane', 'Colorado Springs', 'Colorado', 80910, 'Jillian', 'Olsson', 'jolsson2w@businesswire.com', '1948-06-10', '719-251-6858')
,(106, '42 Northland Lane', 'Springfield', 'Massachusetts', 1129, 'Farly', 'Hatcliffe', 'fhatcliffe2x@intel.com', '1983-05-10', '413-169-9333')
,(107, '02428 Toban Lane', 'Syracuse', 'New York', 13217, 'Giacomo', 'McBrier', 'gmcbrier2y@si.edu', '1973-02-26', '315-947-3897')
,(108, '5484 Doe Crossing Terrace', 'Yonkers', 'New York', 10705, 'Wilbert', 'Speechley', 'wspeechley2z@chicagotribune.com', '1965-11-23', '914-686-1085')
,(109, '53 Spaight Junction', 'Charleston', 'West Virginia', 25336, 'Kelly', 'Carvilla', 'kcarvilla30@desdev.cn', '1943-05-10', '304-694-1421')
,(110, '98437 Sullivan Hill', 'New Castle', 'Pennsylvania', 16107, 'Derrik', "O'Hara", 'dohara31@si.edu', '1985-03-05', '724-961-4923')
,(111, '5 Ridge Oak Hill', 'San Diego', 'California', 92186, 'Raimundo', 'Runnicles', 'rrunnicles32@spiegel.de', '1960-09-15', '619-614-0163')
,(112, '5935 Towne Plaza', 'Lexington', 'Kentucky', 40591, 'Cyndy', 'Bussons', 'cbussons33@artisteer.com', '1960-08-04', '859-359-8052')
,(113, '669 Veith Terrace', 'Phoenix', 'Arizona', 85062, 'Jennifer', 'Lacrouts', 'jlacrouts34@ft.com', '1977-01-21', '602-925-0892')
,(114, '9 Fieldstone Court', 'Boston', 'Massachusetts', 2119, 'Rene', 'Farris', 'rfarris35@tamu.edu', '1967-02-04', '978-379-9174')
,(115, '02122 Michigan Drive', 'Wilmington', 'Delaware', 19886, 'Roxanna', 'Maryska', 'rmaryska36@wix.com', '1953-11-01', '302-134-5136')
,(116, '12 Barby Drive', 'Charlottesville', 'Virginia', 22903, 'Brok', 'Schutte', 'bschutte37@disqus.com', '2003-02-15', '434-626-4634')
,(117, '0068 Elka Court', 'Las Vegas', 'Nevada', 89193, 'Maureene', 'Friedank', 'mfriedank38@noaa.gov', '1951-11-24', '702-332-1949')
,(118, '75304 Stuart Road', 'Oakland', 'California', 94605, 'Richardo', 'Routley', 'rroutley39@psu.edu', '1967-02-11', '510-605-5988')
,(119, '27641 Golf Hill', 'Washington', 'District of Columbia', 20073, 'Corina', 'Jantzen', 'cjantzen3a@weebly.com', '1984-07-17', '202-629-2427')
,(120, '18717 Roxbury Circle', 'Los Angeles', 'California', 90035, 'Cordell', 'Lafuente', 'clafuente3b@gravatar.com', '1953-05-23', '323-158-7815')
,(121, '870 Novick Plaza', 'Bellevue', 'Washington', 98008, 'Garreth', 'Swyn', 'gswyn3c@example.com', '1969-01-17', '206-178-3799')
,(122, '8103 Valley Edge Way', 'Minneapolis', 'Minnesota', 55428, 'Bert', 'Sowle', 'bsowle3d@google.fr', '2004-01-05', '612-950-8800')
,(123, '99528 Reindahl Road', 'Atlanta', 'Georgia', 30306, 'Silvana', 'Gelderd', 'sgelderd3e@indiegogo.com', '1989-07-19', '404-569-4412')
,(124, '10426 Eggendart Hill', 'Hartford', 'Connecticut', 6105, 'Herminia', 'McGrey', 'hmcgrey3f@joomla.org', '1962-06-16', '860-289-0490')
,(125, '1714 Stone Corner Junction', 'Jackson', 'Mississippi', 39296, 'Kathryn', 'Bursell', 'kbursell3g@umich.edu', '1978-09-08', '601-458-2045')
,(126, '821 South Alley', 'Montgomery', 'Alabama', 36119, 'Benedikta', 'Cattrell', 'bcattrell3h@tmall.com', '1977-01-31', '334-967-8831')
,(127, '16810 Roth Drive', 'Saint Augustine', 'Florida', 32092, 'Essie', 'Rois', 'erois3i@wp.com', '1954-05-02', '904-120-6482')
,(128, '00792 Stuart Plaza', 'Sioux Falls', 'South Dakota', 57193, 'Finley', 'Ramsier', 'framsier3j@constantcontact.com', '1961-08-02', '605-740-0386')
,(129, '469 Pond Park', 'Clearwater', 'Florida', 33758, 'Halette', 'Plaxton', 'hplaxton3k@google.de', '1943-09-16', '813-960-3406')
,(130, '349 Buhler Circle', 'Scranton', 'Pennsylvania', 18514, 'Gale', 'Sponer', 'gsponer3l@shareasale.com', '2001-01-08', '570-996-1538')
,(131, '79665 Scoville Hill', 'Austin', 'Texas', 78789, 'Bobinette', 'Zimek', 'bzimek3m@tumblr.com', '1945-06-01', '512-113-9980')
,(132, '08 Warrior Place', 'Colorado Springs', 'Colorado', 80925, 'Carol-jean', 'Scurry', 'cscurry3n@examiner.com', '1964-12-25', '719-561-9379')
,(133, '15 American Parkway', 'Washington', 'District of Columbia', 20575, 'Izaak', 'Whether', 'iwhether3o@ovh.net', '1975-06-21', '202-188-0048')
,(134, '25 Cordelia Center', 'Saint Louis', 'Missouri', 63167, 'Rene', 'Kedwell', 'rkedwell3p@fema.gov', '2002-01-07', '314-150-5347')
,(135, '07 Gerald Crossing', 'Washington', 'District of Columbia', 20299, 'Hershel', 'Hallt', 'hhallt3q@loc.gov', '1961-09-08', '202-337-2233')
,(136, '57 Dayton Street', 'Birmingham', 'Alabama', 35210, 'Haven', 'Iskow', 'hiskow3r@xing.com', '1971-10-22', '334-410-9514')
,(137, '8448 Linden Alley', 'Omaha', 'Nebraska', 68124, 'Etty', 'Curado', 'ecurado3s@reverbnation.com', '1979-02-04', '402-248-3601')
,(138, '091 Glendale Drive', 'Peoria', 'Illinois', 61640, 'Jamison', 'Kiloh', 'jkiloh3t@gmpg.org', '1949-11-26', '309-644-0548')
,(139, '3765 Drewry Drive', 'Daytona Beach', 'Florida', 32123, 'Hilliard', 'Wallentin', 'hwallentin3u@posterous.com', '1949-04-18', '386-252-1243')
,(140, '3 Linden Plaza', 'Bradenton', 'Florida', 34210, 'Deane', 'Brattell', 'dbrattell3v@seesaa.net', '1956-10-13', '727-848-0606')
,(141, '64 Riverside Park', 'Toledo', 'Ohio', 43699, 'Laurianne', 'Aleksidze', 'laleksidze3w@t-online.de', '1970-10-30', '419-574-7298')
,(142, '8354 Eastwood Drive', 'Washington', 'District of Columbia', 20057, 'Livvy', 'Le Galle', 'llegalle3x@goo.ne.jp', '1998-11-28', '202-679-8877')
,(143, '81 Prentice Center', 'Hagerstown', 'Maryland', 21747, 'Adolph', 'Cherrison', 'acherrison3y@oracle.com', '1956-08-31', '240-189-1056')
,(144, '43 Rigney Way', 'Hagerstown', 'Maryland', 21747, 'Piggy', 'Cancellieri', 'pcancellieri3z@ehow.com', '1973-07-17', '240-949-4115')
,(145, '542 Mandrake Lane', 'Charlotte', 'North Carolina', 28289, 'Samantha', 'Sharphouse', 'ssharphouse40@oaic.gov.au', '1974-08-22', '704-309-5828')
,(146, '8950 School Point', 'San Antonio', 'Texas', 78265, 'Margareta', 'Bearcock', 'mbearcock41@sphinn.com', '1963-06-13', '210-438-3920')
,(147, '5 Melrose Trail', 'Monticello', 'Minnesota', 55590, 'Deni', 'Rebanks', 'drebanks42@epa.gov', '1961-01-29', '763-161-5266')
,(148, '7 Cody Trail', 'Richmond', 'Virginia', 23220, 'Dasha', 'Ducarne', 'dducarne43@drupal.org', '1969-01-02', '804-291-0812')
,(149, '3322 Morning Hill', 'Fort Worth', 'Texas', 76110, 'Lothario', 'Ondracek', 'londracek44@ezinearticles.com', '1982-04-09', '817-285-5198')
,(150, '2399 Autumn Leaf Avenue', 'Decatur', 'Georgia', 30033, 'Tarrance', 'Huntley', 'thuntley45@hostgator.com', '1961-02-24', '770-913-8140')
,(151, '3000 Pepper Wood Hill', 'Birmingham', 'Alabama', 35242, 'Jennine', 'Ellacott', 'jellacott46@goo.gl', '1999-03-19', '205-380-3223')
,(152, '922 Crowley Circle', 'Oakland', 'California', 94605, 'Charmine', 'Van Ross', 'cvanross47@youtu.be', '1991-11-15', '510-903-8042')
,(153, '37 Calypso Way', 'Shreveport', 'Louisiana', 71161, 'Benton', 'Learoyde', 'blearoyde48@cnet.com', '2000-05-10', '318-167-5675')
,(154, '51435 Walton Pass', 'Las Cruces', 'New Mexico', 88006, 'Nikkie', 'Ferronet', 'nferronet49@jalbum.net', '1962-11-21', '505-136-4328')
,(155, '30 American Drive', 'New York City', 'New York', 10270, 'Normy', 'Pauletti', 'npauletti4a@illinois.edu', '1972-09-21', '212-215-7133')
,(156, '73539 Dunning Parkway', 'Brooklyn', 'New York', 11231, 'Janel', 'Ruppele', 'jruppele4b@cnbc.com', '2000-05-24', '917-462-7102')
,(157, '5 Grim Plaza', 'Manchester', 'New Hampshire', 3105, 'Jacinthe', 'Isenor', 'jisenor4c@yolasite.com', '1962-03-21', '603-212-8024')
,(158, '8948 Melvin Court', 'Knoxville', 'Tennessee', 37919, 'Leontyne', 'Stellin', 'lstellin4d@hp.com', '2000-03-09', '865-713-9438')
,(159, '67 Scoville Drive', 'Camden', 'New Jersey', 8104, 'Francklyn', 'Roofe', 'froofe4e@cisco.com', '1952-12-25', '856-554-7849')
,(160, '2911 Gerald Circle', 'Lexington', 'Kentucky', 40596, 'Melvyn', 'Buckle', 'mbuckle4f@umn.edu', '1979-10-11', '859-760-2624')
,(161, '1 Clyde Gallagher Court', 'Jamaica', 'New York', 11480, 'Artur', 'St Louis', 'astlouis4g@amazon.co.jp', '1965-02-17', '718-788-0478')
,(162, '58 Esch Junction', 'San Francisco', 'California', 94137, 'Barri', 'Escott', 'bescott4h@slideshare.net', '2004-11-03', '415-598-6892')
,(163, '6374 Paget Center', 'Orlando', 'Florida', 32854, 'Doroteya', 'Curbishley', 'dcurbishley4i@nytimes.com', '2003-05-03', '407-346-3026')
,(164, '2 Village Green Avenue', 'Boston', 'Massachusetts', 2114, 'Hollyanne', 'Feake', 'hfeake4j@1688.com', '1955-12-15', '781-105-4369')
,(165, '0572 Village Point', 'Cincinnati', 'Ohio', 45254, 'Sawyere', 'Sheard', 'ssheard4k@myspace.com', '1959-01-15', '513-442-4101')
,(166, '0 Kinsman Parkway', 'San Antonio', 'Texas', 78278, 'Killian', 'Seeborne', 'kseeborne4l@indiatimes.com', '1943-07-19', '210-977-9552')
,(167, '955 Vahlen Road', 'New York City', 'New York', 10125, 'Leesa', 'Dunkerley', 'ldunkerley4m@nymag.com', '2004-08-04', '212-531-0511')
,(168, '2081 Nancy Court', 'Fresno', 'California', 93778, 'Baron', 'Seabrook', 'bseabrook4n@thetimes.co.uk', '1974-11-10', '559-905-6559')
,(169, '49 Mendota Crossing', 'South Bend', 'Indiana', 46634, 'Madelena', 'Huckerby', 'mhuckerby4o@vkontakte.ru', '1985-07-16', '574-699-2870')
,(170, '5140 Mccormick Avenue', 'Aiken', 'South Carolina', 29805, 'Dacia', 'Lowry', 'dlowry4p@wsj.com', '2001-12-13', '803-431-6661')
,(171, '65168 Grover Terrace', 'Washington', 'District of Columbia', 20392, 'Mattheus', 'Stranaghan', 'mstranaghan4q@jigsy.com', '1984-03-02', '202-687-4719')
,(172, '5786 Hanson Park', 'San Diego', 'California', 92160, 'Cathie', 'Clopton', 'cclopton4r@ca.gov', '1945-04-12', '619-221-7567')
,(173, '81855 Magdeline Crossing', 'Houston', 'Texas', 77040, 'Paolina', 'Greep', 'pgreep4s@purevolume.com', '1952-07-19', '979-610-6986')
,(174, '55018 Continental Junction', 'San Jose', 'California', 95118, 'Rhianna', 'Wennington', 'rwennington4t@instagram.com', '1948-11-02', '408-541-8437')
,(175, '204 Anhalt Lane', 'Memphis', 'Tennessee', 38181, 'Ruthann', 'Woodham', 'rwoodham4u@fastcompany.com', '1962-08-11', '901-799-6350')
,(176, '66352 Merry Lane', 'Washington', 'District of Columbia', 20392, 'Arron', 'Rude', 'arude4v@blogtalkradio.com', '1950-08-02', '202-421-0459')
,(177, '148 Texas Park', 'Orlando', 'Florida', 32825, 'Mendie', 'Shillingford', 'mshillingford4w@merriam-webster.com', '1946-09-18', '954-832-7213')
,(178, '7590 Magdeline Drive', 'Delray Beach', 'Florida', 33448, 'Shaun', 'Eland', 'seland4x@icio.us', '1987-03-22', '561-499-3241')
,(179, '09572 Stephen Road', 'Tulsa', 'Oklahoma', 74126, 'Jeanne', 'Bullick', 'jbullick4y@friendfeed.com', '1944-10-18', '918-547-7547')
,(180, '31 Holy Cross Point', 'Oklahoma City', 'Oklahoma', 73119, 'Marjy', 'Markova', 'mmarkova4z@behance.net', '1958-03-10', '405-777-7523')
,(181, '1 Hollow Ridge Court', 'Raleigh', 'North Carolina', 27621, 'Fawne', 'Phelp', 'fphelp50@utexas.edu', '1953-07-06', '919-692-4076')
,(182, '7402 Fulton Terrace', 'Charlotte', 'North Carolina', 28205, 'Nesta', 'Cattenach', 'ncattenach51@dmoz.org', '2005-02-28', '704-793-1251')
,(183, '814 Burrows Center', 'Kent', 'Washington', 98042, 'Lyman', 'Beran', 'lberan52@parallels.com', '1946-05-27', '360-120-4190')
,(184, '6413 Oakridge Plaza', 'San Jose', 'California', 95118, 'Corena', 'Gumb', 'cgumb53@dion.ne.jp', '1992-12-15', '408-128-8653')
,(185, '7 Hauk Pass', 'Hialeah', 'Florida', 33013, 'Lolita', 'Harling', 'lharling54@nyu.edu', '1999-10-11', '305-244-8181')
,(186, '203 Mcguire Way', 'New Bedford', 'Massachusetts', 2745, 'Ignaz', 'Iacovazzi', 'iiacovazzi55@prweb.com', '1982-11-26', '508-761-2415')
,(187, '69995 Hooker Drive', 'Brooklyn', 'New York', 11254, 'Forster', 'Giacomello', 'fgiacomello56@fotki.com', '1952-09-13', '212-131-0668')
,(188, '528 Meadow Ridge Road', 'Denver', 'Colorado', 80228, 'Beltran', 'Skehens', 'bskehens57@photobucket.com', '1983-03-24', '720-398-0469')
,(189, '66 Pepper Wood Trail', 'Kansas City', 'Missouri', 64136, 'Cullen', 'Drejer', 'cdrejer58@sciencedaily.com', '1971-04-19', '816-236-9520')
,(190, '09 Grayhawk Place', 'Colorado Springs', 'Colorado', 80935, 'Arvin', 'Brasseur', 'abrasseur59@zdnet.com', '1994-04-16', '719-949-6923')
,(191, '4 Clarendon Crossing', 'Winston Salem', 'North Carolina', 27110, 'Kata', 'Carles', 'kcarles5a@berkeley.edu', '1990-07-24', '336-214-3668')
,(192, '5367 Buell Plaza', 'Monroe', 'Louisiana', 71213, 'Caren', 'Currington', 'ccurrington5b@abc.net.au', '1990-05-29', '318-926-1884')
,(193, '2714 Green Ridge Parkway', 'Wichita', 'Kansas', 67236, 'Birdie', 'Donson', 'bdonson5c@google.co.jp', '1951-02-24', '316-991-2831')
,(194, '2290 Scoville Alley', 'Louisville', 'Kentucky', 40250, 'Anne', 'Avon', 'aavon5d@vimeo.com', '1983-04-23', '502-679-1335')
,(195, '9 Fremont Crossing', 'Atlanta', 'Georgia', 30306, 'Alana', 'Jouanny', 'ajouanny5e@accuweather.com', '1983-10-26', '404-640-4427')
,(196, '49 Manley Point', 'Stamford', 'Connecticut', 6905, 'Scarlet', 'Rentenbeck', 'srentenbeck5f@archive.org', '1987-09-16', '203-550-7732')
,(197, '1095 Katie Parkway', 'San Rafael', 'California', 94913, 'Alexandros', 'Devine', 'adevine5g@webnode.com', '1983-05-07', '415-410-5261')
,(198, '71180 Surrey Road', 'Lincoln', 'Nebraska', 68524, 'Godfrey', 'Perrett', 'gperrett5h@fastcompany.com', '1991-08-24', '402-759-7373')
,(199, '680 Caliangt Drive', 'San Antonio', 'Texas', 78278, 'Laureen', 'Guerreau', 'lguerreau5i@yandex.ru', '2002-02-19', '210-386-8212')
,(200, '01437 International Trail', 'Daytona Beach', 'Florida', 32118, 'Ludwig', 'Chimenti', 'lchimenti5j@techcrunch.com', '1953-04-04', '407-166-7829')
,(201, '8195 Riverside Crossing', 'Tacoma', 'Washington', 98464, 'Janean', 'Anfonsi', 'janfonsi5k@freewebs.com', '1973-05-01', '253-707-2445')
,(202, '522 Forster Lane', 'Tacoma', 'Washington', 98405, 'Cairistiona', 'Dressel', 'cdressel5l@paypal.com', '1996-10-01', '253-573-6858')
,(203, '3 Iowa Park', 'San Diego', 'California', 92186, 'Naoma', 'Laurie', 'nlaurie5m@fema.gov', '1978-09-10', '619-577-1729')
,(204, '337 Rockefeller Crossing', 'Dallas', 'Texas', 75392, 'Brinna', 'Bedbury', 'bbedbury5n@nifty.com', '1974-10-13', '214-405-4975')
,(205, '89289 Grasskamp Circle', 'Tampa', 'Florida', 33686, 'Orsa', 'Fadian', 'ofadian5o@is.gd', '1979-08-07', '813-980-8957')
,(206, '60369 Maple Crossing', 'New York City', 'New York', 10125, 'Enrico', 'Okroy', 'eokroy5p@biglobe.ne.jp', '1954-01-03', '212-653-3837')
,(207, '3 Del Mar Way', 'Ocala', 'Florida', 34479, 'Sib', 'Tidmas', 'stidmas5q@last.fm', '1969-07-14', '352-375-4406')
,(208, '16 Westport Avenue', 'Arlington', 'Virginia', 22205, 'Ardelis', 'Edmans', 'aedmans5r@bigcartel.com', '1965-09-17', '571-372-4003')
,(209, '5810 Atwood Drive', 'Lafayette', 'Indiana', 47905, 'Noland', 'Bucklee', 'nbucklee5s@who.int', '1974-12-27', '765-429-2442')
,(210, '66 Southridge Junction', 'Richmond', 'Virginia', 23203, 'Caterina', 'Gremain', 'cgremain5t@economist.com', '1988-11-05', '804-540-0529')
,(211, '26563 Lindbergh Way', 'Long Beach', 'California', 90847, 'Enrika', 'Bucklee', 'ebucklee5u@yelp.com', '1956-10-17', '562-252-9032')
,(212, '54160 Petterle Point', 'Tucson', 'Arizona', 85737, 'Valencia', 'Wytchard', 'vwytchard5v@telegraph.co.uk', '1953-06-27', '520-655-6163')
,(213, '4 Morning Parkway', 'Columbus', 'Ohio', 43204, 'Boony', 'Quartermaine', 'bquartermaine5w@lulu.com', '1947-09-29', '614-863-7324')
,(214, '19 Di Loreto Drive', 'Brooklyn', 'New York', 11236, 'Zara', 'Collick', 'zcollick5x@meetup.com', '1961-04-05', '718-208-4293')
,(215, '86 Nevada Plaza', 'New Orleans', 'Louisiana', 70160, 'Cristy', 'Scorey', 'cscorey5y@hugedomains.com', '1950-07-22', '504-412-2065')
,(216, '60 Merry Plaza', 'Champaign', 'Illinois', 61825, 'Beilul', 'Kirmond', 'bkirmond5z@mit.edu', '1957-01-30', '217-315-3486')
,(217, '36 Stone Corner Road', 'Bakersfield', 'California', 93311, 'Annecorinne', 'Recke', 'arecke60@myspace.com', '1988-06-18', '805-902-9530')
,(218, '6461 Eastlawn Alley', 'Minneapolis', 'Minnesota', 55436, 'Kass', 'Camidge', 'kcamidge61@wufoo.com', '1998-08-12', '612-338-1807')
,(219, '5 Lerdahl Point', 'San Francisco', 'California', 94132, 'Donielle', 'Oldmeadow', 'doldmeadow62@skyrock.com', '2002-11-09', '415-925-8698')
,(220, '1968 Westerfield Road', 'Fort Worth', 'Texas', 76178, 'Claudine', 'Blanshard', 'cblanshard63@fastcompany.com', '1991-11-06', '682-916-1195')
,(221, '9 Rowland Avenue', 'Brooklyn', 'New York', 11215, 'Vito', 'Custy', 'vcusty64@mac.com', '1973-09-16', '646-917-2676')
,(222, '09842 Arizona Lane', 'Springfield', 'Illinois', 62756, 'Monika', 'Albin', 'malbin65@ft.com', '1951-09-05', '217-661-1918')
,(223, '3 Karstens Way', 'Syracuse', 'New York', 13217, 'Rahel', 'Pimblott', 'rpimblott66@sciencedirect.com', '2004-12-01', '315-438-7774')
,(224, '9 Northview Pass', 'Bakersfield', 'California', 93381, 'Gay', 'Copins', 'gcopins67@intel.com', '1990-04-21', '661-292-2431')
,(225, '5 Golf Course Court', 'Jamaica', 'New York', 11407, 'Marylinda', 'McGawn', 'mmcgawn68@nasa.gov', '1994-01-24', '516-936-2561')
,(226, '908 Garrison Junction', 'West Palm Beach', 'Florida', 33405, 'Jeralee', 'Pavlenkov', 'jpavlenkov69@sciencedaily.com', '1971-06-11', '561-737-1715')
,(227, '5 Gateway Circle', 'Fort Wayne', 'Indiana', 46852, 'Marge', 'Lorait', 'mlorait6a@ow.ly', '1985-10-17', '260-639-2272')
,(228, '482 Crownhardt Court', 'San Diego', 'California', 92186, 'Sherry', 'Moubray', 'smoubray6b@ehow.com', '1974-07-22', '619-496-0264')
,(229, '44 Express Circle', 'Corpus Christi', 'Texas', 78465, 'Dar', 'Soigne', 'dsoigne6c@eepurl.com', '1944-04-15', '361-397-0492')
,(230, '13160 Ohio Center', 'Shreveport', 'Louisiana', 71137, 'Auroora', 'Franschini', 'afranschini6d@netscape.com', '1960-05-10', '318-529-3514')
,(231, '13 Green Ridge Drive', 'Norman', 'Oklahoma', 73071, 'Terrel', 'Nightingale', 'tnightingale6e@vistaprint.com', '1958-08-03', '405-968-8948')
,(232, '922 Blaine Junction', 'Detroit', 'Michigan', 48232, 'Barri', 'Northage', 'bnorthage6f@ocn.ne.jp', '1994-08-25', '313-840-0138')
,(233, '359 Mcguire Parkway', 'Houston', 'Texas', 77020, 'Ulrike', 'Driffill', 'udriffill6g@mozilla.org', '1946-11-29', '281-801-0107')
,(234, '704 Alpine Hill', 'Columbus', 'Ohio', 43220, 'Dermot', 'Rohfsen', 'drohfsen6h@sohu.com', '1953-04-02', '614-369-7954')
,(235, '6193 Morningstar Parkway', 'Monticello', 'Minnesota', 55585, 'Alwyn', 'Verryan', 'averryan6i@usda.gov', '1965-09-05', '763-454-5099')
,(236, '7 Knutson Lane', 'New Orleans', 'Louisiana', 70183, 'Laurice', 'Waddams', 'lwaddams6j@cbc.ca', '1997-09-17', '504-574-8611')
,(237, '20384 Eagle Crest Lane', 'Saint Louis', 'Missouri', 63121, 'Corbin', 'Lamkin', 'clamkin6k@boston.com', '1992-04-05', '314-922-4002')
,(238, '75620 Artisan Drive', 'Macon', 'Georgia', 31217, 'Bren', 'Zupa', 'bzupa6l@jigsy.com', '1994-04-24', '912-773-0440')
,(239, '9 Ridgeview Alley', 'Columbia', 'South Carolina', 29208, 'Kathi', 'Lauks', 'klauks6m@cisco.com', '1987-12-09', '803-393-9041')
,(240, '35645 Lerdahl Drive', 'Durham', 'North Carolina', 27705, 'Allistir', 'Suttell', 'asuttell6n@examiner.com', '1972-12-03', '434-623-1396')
,(241, '0 Green Ridge Terrace', 'Riverside', 'California', 92513, 'Orelle', 'Chace', 'ochace6o@aol.com', '1985-01-21', '951-307-4523')
,(242, '6941 Clyde Gallagher Crossing', 'Brooklyn', 'New York', 11236, 'Merl', 'Goosey', 'mgoosey6p@bing.com', '1992-06-29', '917-252-0784')
,(243, '44314 Susan Pass', 'Des Moines', 'Iowa', 50315, 'Hobart', 'Gerger', 'hgerger6q@state.gov', '1961-06-01', '515-897-6375')
,(244, '4 Porter Pass', 'Charleston', 'West Virginia', 25362, 'Hatty', 'Deller', 'hdeller6r@paypal.com', '1959-06-14', '304-632-8732')
,(245, '78814 Maywood Circle', 'Washington', 'District of Columbia', 20231, 'Yevette', 'Novelli', 'ynovelli6s@cbsnews.com', '1987-03-21', '202-885-8133')
,(246, '659 Walton Center', 'Charlottesville', 'Virginia', 22908, 'Craig', 'Mcsarry', 'cmcsarry6t@comsenz.com', '1971-03-28', '434-783-9537')
,(247, '35246 1st Terrace', 'Cincinnati', 'Ohio', 45208, 'Ninette', 'Guinnane', 'nguinnane6u@cam.ac.uk', '1958-10-26', '513-774-8326')
,(248, '1 Elmside Court', 'Burbank', 'California', 91520, 'Hanan', 'Cardenas', 'hcardenas6v@springer.com', '1953-02-11', '661-573-1415')
,(249, '8 Kipling Street', 'Aurora', 'Illinois', 60505, 'Marrissa', 'Risbrough', 'mrisbrough6w@clickbank.net', '1949-02-21', '630-634-6190')
,(250, '37775 Golf Course Parkway', 'San Diego', 'California', 92115, 'Thekla', 'MacGillreich', 'tmacgillreich6x@independent.co.uk', '1959-07-31', '619-788-5005')
,(251, '6 Ludington Plaza', 'Atlanta', 'Georgia', 30343, 'Vidovic', 'Prater', 'vprater6y@about.com', '1960-05-12', '404-147-7478')
,(252, '3 Mifflin Drive', 'Baltimore', 'Maryland', 21216, 'Allina', 'Dumbrall', 'adumbrall6z@elegantthemes.com', '1984-03-09', '410-865-4250')
,(253, '46497 Nova Park', 'San Diego', 'California', 92153, 'Deloria', 'Amesbury', 'damesbury70@google.com.au', '1963-11-15', '619-317-6435')
,(254, '36371 Namekagon Pass', 'Chicago', 'Illinois', 60641, 'Estele', 'Scoggin', 'escoggin71@themeforest.net', '1996-06-23', '312-125-0956')
,(255, '59611 Gina Pass', 'Escondido', 'California', 92030, 'Trula', 'Leathard', 'tleathard72@wikispaces.com', '1974-01-08', '760-820-8637')
,(256, '799 Hagan Way', 'North Hollywood', 'California', 91616, 'Orel', 'Neno', 'oneno73@cmu.edu', '1983-06-12', '213-715-4943')
,(257, '4861 Holy Cross Street', 'Arlington', 'Texas', 76016, 'Flora', 'Hacket', 'fhacket74@macromedia.com', '1949-05-19', '817-706-0741')
,(258, '50607 Mifflin Parkway', 'Fullerton', 'California', 92640, 'Raul', 'Gernier', 'rgernier75@salon.com', '1974-09-15', '559-380-8518')
,(259, '010 Marcy Pass', 'Lynchburg', 'Virginia', 24503, 'Justino', 'Riteley', 'jriteley76@ucsd.edu', '1993-06-10', '434-373-1537')
,(260, '1 Shelley Terrace', 'Honolulu', 'Hawaii', 96845, 'Paco', 'Fassum', 'pfassum77@weibo.com', '1990-11-19', '808-460-3838')
,(261, '6 Bobwhite Road', 'Cleveland', 'Ohio', 44185, 'Giuseppe', 'Hayer', 'ghayer78@phoca.cz', '1998-12-14', '216-432-5521')
,(262, '61063 Kenwood Alley', 'Flushing', 'New York', 11355, 'Jere', 'Brawson', 'jbrawson79@ehow.com', '1987-07-18', '718-464-4585')
,(263, '1838 Emmet Street', 'Seattle', 'Washington', 98140, 'Dennie', 'Bridgman', 'dbridgman7a@msu.edu', '2000-06-23', '206-274-8528')
,(264, '2 Westport Circle', 'Durham', 'North Carolina', 27717, 'Roderich', 'Covil', 'rcovil7b@cargocollective.com', '1950-07-03', '919-244-6264')
,(265, '2 Kennedy Pass', 'New Haven', 'Connecticut', 6510, 'Orville', 'Bushby', 'obushby7c@nps.gov', '1964-02-29', '203-506-1899')
,(266, '790 Judy Crossing', 'Wichita', 'Kansas', 67260, 'Dena', 'Betser', 'dbetser7d@opera.com', '1985-06-12', '316-253-6948')
,(267, '7748 Muir Place', 'Shreveport', 'Louisiana', 71130, 'Frederique', 'Sargison', 'fsargison7e@hubpages.com', '1945-10-01', '318-333-6004')
,(268, '66938 Golf View Lane', 'Washington', 'District of Columbia', 20073, 'Iolande', 'Kerford', 'ikerford7f@cisco.com', '1950-05-20', '202-752-4996')
,(269, '4457 Cascade Hill', 'Los Angeles', 'California', 90189, 'Velma', 'Crookall', 'vcrookall7g@qq.com', '1944-01-08', '213-184-2253')
,(270, '7 Cherokee Lane', 'Hyattsville', 'Maryland', 20784, 'Devlen', 'McAusland', 'dmcausland7h@webnode.com', '1979-03-11', '301-631-3299')
,(271, '15301 Springs Trail', 'San Diego', 'California', 92137, 'Winnie', 'Brisbane', 'wbrisbane7i@army.mil', '1987-09-20', '619-186-0188')
,(272, '4 Old Gate Alley', 'Newark', 'New Jersey', 7104, 'Ulrike', 'Crooks', 'ucrooks7j@thetimes.co.uk', '1998-11-03', '973-805-3815')
,(273, '09 Fulton Crossing', 'Fort Worth', 'Texas', 76147, 'Josefa', 'Foxhall', 'jfoxhall7k@army.mil', '1957-06-23', '817-591-9904')
,(274, '62990 Carey Hill', 'San Antonio', 'Texas', 78210, 'Gabbey', 'Delacroux', 'gdelacroux7l@comsenz.com', '1961-04-04', '210-108-2419')
,(275, '722 Northfield Park', 'Jackson', 'Tennessee', 38308, 'Arluene', 'Schneidar', 'aschneidar7m@myspace.com', '1972-03-15', '731-422-0271')
,(276, '62318 Browning Hill', 'Prescott', 'Arizona', 86305, 'Mavra', 'Mattimoe', 'mmattimoe7n@over-blog.com', '1952-08-07', '520-153-3572')
,(277, '073 Gina Circle', 'Little Rock', 'Arkansas', 72209, 'Colver', 'Earney', 'cearney7o@si.edu', '1959-08-03', '501-312-8176')
,(278, '6 Lawn Road', 'Jeffersonville', 'Indiana', 47134, 'Abdul', 'Vize', 'avize7p@sogou.com', '1944-01-20', '812-499-0411')
,(279, '2194 Forest Crossing', 'Knoxville', 'Tennessee', 37939, 'Halsey', 'McKimmie', 'hmckimmie7q@unesco.org', '1987-12-14', '865-109-1741')
,(280, '24 Dexter Road', 'Las Vegas', 'Nevada', 89130, 'Aurea', 'Taplin', 'ataplin7r@ask.com', '1983-03-06', '702-192-6955')
,(281, '61329 Mariners Cove Drive', 'Norfolk', 'Virginia', 23509, 'Carita', 'Cumberland', 'ccumberland7s@domainmarket.com', '1988-07-06', '757-455-0302')
,(282, '0184 Fisk Junction', 'Indianapolis', 'Indiana', 46221, 'Daren', 'Wapples', 'dwapples7t@dot.gov', '1951-01-25', '317-142-0728')
,(283, '5831 Garrison Lane', 'Saint Petersburg', 'Florida', 33715, 'Sadie', 'Tidbold', 'stidbold7u@google.es', '1972-04-14', '727-436-8308')
,(284, '697 Glendale Way', 'Houston', 'Texas', 77276, 'Angelita', 'Cozby', 'acozby7v@amazon.de', '1978-02-17', '713-535-9381')
,(285, '6 Chinook Park', 'Norfolk', 'Virginia', 23509, 'Wald', 'Itzcovich', 'witzcovich7w@google.cn', '1950-03-06', '757-481-6012')
,(286, '7 Iowa Crossing', 'Marietta', 'Georgia', 30061, 'Gardy', 'de Nore', 'gdenore7x@buzzfeed.com', '1951-03-29', '770-458-5167')
,(287, '74665 Nova Way', 'Erie', 'Pennsylvania', 16534, 'Willette', 'Adamczyk', 'wadamczyk7y@phpbb.com', '2001-05-25', '814-207-0682')
,(288, '2 Carioca Junction', 'Silver Spring', 'Maryland', 20904, 'Kat', 'Prew', 'kprew7z@topsy.com', '1952-11-02', '202-753-8486')
,(289, '17 Manufacturers Lane', 'Oklahoma City', 'Oklahoma', 73109, 'Patty', 'Costen', 'pcosten80@umn.edu', '1974-09-13', '405-101-7147')
,(290, '91524 Maryland Trail', 'North Hollywood', 'California', 91616, 'Roxanne', 'Felgat', 'rfelgat81@ebay.co.uk', '1955-02-16', '213-708-4230')
,(291, '72113 Rusk Park', 'Gainesville', 'Florida', 32627, 'Edlin', 'Grier', 'egrier82@redcross.org', '1973-07-09', '352-355-1964')
,(292, '9160 Boyd Parkway', 'Los Angeles', 'California', 90050, 'Bart', 'Jendrich', 'bjendrich83@gmpg.org', '1976-11-30', '213-888-3938')
,(293, '72120 Katie Drive', 'Arvada', 'Colorado', 80005, 'Ruperta', 'Parkey', 'rparkey84@sphinn.com', '2003-12-08', '720-222-4953')
,(294, '375 Becker Lane', 'Memphis', 'Tennessee', 38136, 'Fabio', 'Duerdin', 'fduerdin85@wikimedia.org', '1989-10-21', '901-833-0785')
,(295, '5312 Reinke Drive', 'San Francisco', 'California', 94105, 'Codi', 'Halfacree', 'chalfacree86@thetimes.co.uk', '1989-03-24', '415-151-9568')
,(296, '39 Annamark Avenue', 'Seattle', 'Washington', 98166, 'Worth', 'Clethro', 'wclethro87@marriott.com', '1951-05-13', '253-551-0541')
,(297, '0 Fisk Place', 'Denver', 'Colorado', 80235, 'Giffard', 'Roumier', 'groumier88@irs.gov', '1972-03-27', '303-333-0736')
,(298, '38 Meadow Valley Place', 'Littleton', 'Colorado', 80127, 'Elsi', 'Josefovic', 'ejosefovic89@amazon.co.uk', '1974-08-27', '303-268-4263')
,(299, '62171 Hudson Trail', 'San Diego', 'California', 92170, 'Kip', 'Chittey', 'kchittey8a@indiatimes.com', '1998-08-28', '619-415-1322')
,(300, '75 Nancy Drive', 'Houston', 'Texas', 77005, 'Minnaminnie', 'Tansly', 'mtansly8b@qq.com', '1974-06-06', '281-895-0339')
,(301, '535 Utah Park', 'Miami', 'Florida', 33111, 'Henrieta', 'Lakenden', 'hlakenden8c@opera.com', '1997-08-09', '786-980-7869')
,(302, '395 Twin Pines Drive', 'Rockford', 'Illinois', 61105, 'Melinda', 'Oldfield', 'moldfield8d@europa.eu', '1999-11-02', '815-868-8800')
,(303, '324 Bobwhite Pass', 'Fort Worth', 'Texas', 76178, 'Gwenni', 'Stitcher', 'gstitcher8e@ted.com', '1988-12-23', '682-218-2126')
,(304, '9635 Randy Road', 'Saint Louis', 'Missouri', 63104, 'Rena', 'Stenner', 'rstenner8f@example.com', '1988-07-15', '314-970-4833')
,(305, '260 Forest Dale Plaza', 'Stamford', 'Connecticut', 6905, 'Caz', 'Matteini', 'cmatteini8g@hibu.com', '1984-04-26', '203-232-3821')
,(306, '7855 Crescent Oaks Point', 'Colorado Springs', 'Colorado', 80905, 'Kristine', "O'Mara", 'komara8h@java.com', '1989-02-07', '719-118-9522')
,(307, '0911 Lindbergh Park', 'Dallas', 'Texas', 75387, 'Corina', 'Kedge', 'ckedge8i@infoseek.co.jp', '1975-11-12', '214-661-8671')
,(308, '49514 Mallard Junction', 'Austin', 'Texas', 78783, 'Meredithe', 'Hylton', 'mhylton8j@bbb.org', '1996-09-10', '512-804-3528')
,(309, '17276 Eliot Hill', 'Port Saint Lucie', 'Florida', 34985, 'Lynnelle', 'De Angelis', 'ldeangelis8k@techcrunch.com', '1987-07-04', '772-124-8277')
,(310, '1878 Petterle Pass', 'Pasadena', 'California', 91117, 'Marlyn', 'Arman', 'marman8l@parallels.com', '1973-05-13', '626-312-8237')
,(311, '99 Northland Center', 'Reno', 'Nevada', 89595, 'Helaina', 'Sowte', 'hsowte8m@theguardian.com', '1946-12-03', '775-387-6406')
,(312, '49 Miller Court', 'Monticello', 'Minnesota', 55585, 'Celestia', 'Philipsohn', 'cphilipsohn8n@bing.com', '1950-02-09', '763-612-1920')
,(313, '757 Sycamore Street', 'Washington', 'District of Columbia', 20062, 'Abbe', 'Flott', 'aflott8o@posterous.com', '1944-12-07', '202-976-2362')
,(314, '59533 Schurz Alley', 'Sterling', 'Virginia', 20167, 'Ida', 'Beevors', 'ibeevors8p@loc.gov', '1995-06-15', '571-674-3657')
,(315, '4816 Mosinee Trail', 'Albany', 'New York', 12242, 'Freedman', 'Lowder', 'flowder8q@themeforest.net', '1954-11-13', '518-674-1776')
,(316, '67 Dixon Lane', 'Sarasota', 'Florida', 34276, 'Lyle', 'Lace', 'llace8r@earthlink.net', '1969-11-29', '941-915-0705')
,(317, '9 Jana Junction', 'Los Angeles', 'California', 90101, 'Milty', 'Sivier', 'msivier8s@nyu.edu', '1970-12-04', '213-233-1172')
,(318, '5 Dakota Terrace', 'Milwaukee', 'Wisconsin', 53215, 'Brunhilde', 'Curdell', 'bcurdell8t@paypal.com', '1983-03-06', '414-801-8525')
,(319, '01 Fremont Place', 'Washington', 'District of Columbia', 20397, 'Pearla', 'Geelan', 'pgeelan8u@wikispaces.com', '1966-01-20', '202-121-4318')
,(320, '6 Melby Park', 'Houston', 'Texas', 77020, 'Lorene', 'Maulkin', 'lmaulkin8v@fotki.com', '1946-06-03', '281-236-5530')
,(321, '409 Caliangt Plaza', 'Delray Beach', 'Florida', 33448, 'Michel', 'Plumtree', 'mplumtree8w@zimbio.com', '1944-10-31', '561-255-2724')
,(322, '15 Claremont Center', 'West Palm Beach', 'Florida', 33411, 'Robinia', 'Persence', 'rpersence8x@hexun.com', '1980-05-19', '561-818-8150')
,(323, '07030 Messerschmidt Parkway', 'Brooklyn', 'New York', 11215, 'Darb', 'Pioli', 'dpioli8y@msn.com', '1995-04-01', '646-564-9449')
,(324, '567 Lotheville Road', 'Bethesda', 'Maryland', 20816, 'Hannah', 'Merigot', 'hmerigot8z@hugedomains.com', '1951-02-17', '301-649-3173')
,(325, '6801 Park Meadow Plaza', 'Los Angeles', 'California', 90055, 'Lara', 'Klimkov', 'lklimkov90@utexas.edu', '1996-10-09', '213-683-7706')
,(326, '1344 Meadow Vale Court', 'Boston', 'Massachusetts', 2104, 'Siana', 'Hambribe', 'shambribe91@issuu.com', '1976-07-15', '318-611-9209')
,(327, '00 Elgar Hill', 'Lexington', 'Kentucky', 40510, 'Revkah', 'McCathay', 'rmccathay92@nature.com', '1981-05-24', '859-849-4530')
,(328, '1 Bellgrove Junction', 'Austin', 'Texas', 78759, 'Maggee', 'Malyan', 'mmalyan93@fema.gov', '1946-08-02', '512-987-6684')
,(329, '51 Maywood Center', 'Manchester', 'New Hampshire', 3105, 'Lezley', 'Sofe', 'lsofe94@goo.gl', '1962-02-03', '603-905-0309')
,(330, '18 Fairview Place', 'Washington', 'District of Columbia', 20456, 'Quinn', 'Jerams', 'qjerams95@360.cn', '1994-06-27', '202-803-0569')
,(331, '9 Sherman Terrace', 'Fort Lauderdale', 'Florida', 33336, 'Salli', 'Daile', 'sdaile96@utexas.edu', '1956-03-28', '754-759-8989')
,(332, '1342 Judy Terrace', 'Valdosta', 'Georgia', 31605, 'Easter', 'Seawell', 'eseawell97@squarespace.com', '1977-08-29', '229-288-7195')
,(333, '136 Dorton Park', 'Roanoke', 'Virginia', 24020, 'King', 'Toyer', 'ktoyer98@tiny.cc', '1983-02-17', '540-571-9024')
,(334, '2174 Daystar Way', 'Spokane', 'Washington', 99215, 'Gae', 'Dumphrey', 'gdumphrey99@weather.com', '2002-06-01', '509-229-5431')
,(335, '6 Linden Lane', 'Houston', 'Texas', 77080, 'Callie', 'Moughton', 'cmoughton9a@ebay.co.uk', '1960-11-10', '281-306-1348')
,(336, '13796 Quincy Trail', 'South Bend', 'Indiana', 46699, 'Ferdinanda', 'Plante', 'fplante9b@yellowbook.com', '2002-12-14', '574-985-9195')
,(337, '36075 Schurz Terrace', 'New York City', 'New York', 10170, 'Fernande', 'Heinz', 'fheinz9c@timesonline.co.uk', '1961-01-02', '646-607-1817')
,(338, '67410 Harbort Junction', 'Boston', 'Massachusetts', 2283, 'Ranna', 'Rylance', 'rrylance9d@typepad.com', '1979-06-16', '978-573-7440')
,(339, '857 Lakeland Circle', 'Washington', 'District of Columbia', 20036, 'Brose', 'Furmenger', 'bfurmenger9e@microsoft.com', '1982-09-05', '202-990-1352')
,(340, '376 Del Sol Trail', 'New York City', 'New York', 10019, 'Cally', 'Mandy', 'cmandy9f@smh.com.au', '1975-09-20', '646-840-1830')
,(341, '287 Reindahl Point', 'Houston', 'Texas', 77020, 'Gertrud', 'Cuschieri', 'gcuschieri9g@tumblr.com', '2003-06-21', '713-844-3721')
,(342, '173 Susan Plaza', 'Fresno', 'California', 93721, 'Irma', 'Apfel', 'iapfel9h@livejournal.com', '1955-10-02', '559-778-8443')
,(343, '478 Redwing Plaza', 'Oakland', 'California', 94660, 'Archer', 'Waghorn', 'awaghorn9i@cpanel.net', '2001-06-28', '510-178-1515')
,(344, '05 Knutson Lane', 'Anchorage', 'Alaska', 99507, 'Rufe', 'Feldheim', 'rfeldheim9j@github.com', '1975-09-02', '907-417-0931')
,(345, '0 Thackeray Way', 'Detroit', 'Michigan', 48217, 'Adelind', 'Shucksmith', 'ashucksmith9k@mac.com', '1996-06-02', '313-731-7108')
,(346, '2846 Upham Court', 'Reading', 'Pennsylvania', 19610, 'Bram', 'Waymont', 'bwaymont9l@senate.gov', '1965-08-02', '610-397-0488')
,(347, '74 Dovetail Avenue', 'Charlotte', 'North Carolina', 28235, 'Petey', 'Ben-Aharon', 'pbenaharon9m@unesco.org', '1944-12-01', '704-886-3169')
,(348, '297 Browning Hill', 'Schenectady', 'New York', 12305, 'Emilia', 'Halfhyde', 'ehalfhyde9n@ameblo.jp', '1972-07-15', '518-289-6781')
,(349, '9303 Maryland Hill', 'Saint Louis', 'Missouri', 63131, 'Carree', 'Dudek', 'cdudek9o@privacy.gov.au', '1987-12-17', '636-385-6698')
,(350, '67 Darwin Circle', 'Harrisburg', 'Pennsylvania', 17105, 'Elladine', 'Perkis', 'eperkis9p@csmonitor.com', '1967-02-23', '717-422-1637')
,(351, '577 Hermina Road', 'Huntsville', 'Alabama', 35815, 'Bartlett', 'Durak', 'bdurak9q@sciencedirect.com', '1998-02-14', '256-860-5987')
,(352, '2 Macpherson Parkway', 'Tacoma', 'Washington', 98464, 'Karine', 'Farnin', 'kfarnin9r@acquirethisname.com', '1990-06-01', '253-630-7638')
,(353, '7 Valley Edge Parkway', 'Atlanta', 'Georgia', 30340, 'Stefano', 'Teasdale', 'steasdale9s@photobucket.com', '1993-02-13', '678-326-5411')
,(354, '6153 Moose Park', 'New Haven', 'Connecticut', 6538, 'Evvie', 'Cadwell', 'ecadwell9t@exblog.jp', '1944-12-15', '203-180-8435')
,(355, '204 Summit Hill', 'Humble', 'Texas', 77346, 'Drusilla', 'Husher', 'dhusher9u@europa.eu', '1971-08-08', '713-395-0474')
,(356, '604 Graedel Avenue', 'Bonita Springs', 'Florida', 34135, 'Marietta', 'Sporle', 'msporle9v@live.com', '1953-11-15', '941-271-0562')
,(357, '3766 Hauk Point', 'Rochester', 'New York', 14646, 'Cherri', 'Coleby', 'ccoleby9w@a8.net', '1994-03-06', '585-943-8139')
,(358, '6 Transport Center', 'Washington', 'District of Columbia', 20260, 'Ruthy', 'Smaile', 'rsmaile9x@psu.edu', '2005-01-05', '202-224-5738')
,(359, '353 Loftsgordon Court', 'Sacramento', 'California', 94250, 'Aguistin', 'Learmount', 'alearmount9y@icq.com', '1979-12-16', '916-886-3493')
,(360, '89 Jay Park', 'Chicago', 'Illinois', 60641, 'Prudence', 'Tredgold', 'ptredgold9z@wufoo.com', '1957-05-25', '773-405-5138')
,(361, '0007 Fulton Street', 'Littleton', 'Colorado', 80161, 'Jamil', 'Pieter', 'jpietera0@washingtonpost.com', '1956-06-05', '303-648-0908')
,(362, '7 New Castle Court', 'Ocala', 'Florida', 34479, 'Even', 'Twaite', 'etwaitea1@photobucket.com', '1967-03-17', '352-323-2909')
,(363, '0672 Aberg Road', 'Des Moines', 'Iowa', 50362, 'Karisa', 'Maeer', 'kmaeera2@furl.net', '1963-07-25', '515-207-5901')
,(364, '53767 Barby Trail', 'San Diego', 'California', 92145, 'Codie', 'Giacaponi', 'cgiacaponia3@usatoday.com', '2002-11-24', '858-843-8810')
,(365, '8237 Iowa Circle', 'Boston', 'Massachusetts', 2163, 'Bella', "O'Fallon", 'bofallona4@infoseek.co.jp', '1986-07-04', '617-369-0035')
,(366, '41 Autumn Leaf Drive', 'Montgomery', 'Alabama', 36119, 'Geordie', 'Allone', 'gallonea5@wired.com', '1994-01-25', '334-840-7500')
,(367, '899 Veith Hill', 'Indianapolis', 'Indiana', 46295, 'Desmund', 'Dunsford', 'ddunsforda6@va.gov', '1987-01-27', '317-911-2204')
,(368, '41 Acker Plaza', 'Austin', 'Texas', 78778, 'Caprice', 'de Leon', 'cdeleona7@bloglines.com', '1943-09-05', '512-909-5930')
,(369, '03647 Towne Road', 'Amarillo', 'Texas', 79182, 'Fayth', 'Swinburn', 'fswinburna8@ehow.com', '1981-12-25', '806-315-6645')
,(370, '7614 Rowland Terrace', 'Dayton', 'Ohio', 45408, 'Torrie', 'Crummay', 'tcrummaya9@mayoclinic.com', '1992-02-05', '937-762-3032')
,(371, '56283 Vahlen Trail', 'Des Moines', 'Iowa', 50310, 'Jenn', 'McClay', 'jmcclayaa@ameblo.jp', '1969-07-13', '515-127-5131')
,(372, '496 Hollow Ridge Way', 'Naples', 'Florida', 33961, 'Deny', 'McNirlan', 'dmcnirlanab@fastcompany.com', '1943-07-14', '305-593-1223')
,(373, '2 Hooker Terrace', 'Pensacola', 'Florida', 32505, 'Loy', 'Tocknell', 'ltocknellac@wikia.com', '1998-01-18', '850-232-5223')
,(374, '532 Logan Park', 'Topeka', 'Kansas', 66622, 'Bee', 'Slatcher', 'bslatcherad@reddit.com', '1962-08-14', '785-118-9536')
,(375, '1150 Ruskin Lane', 'Houston', 'Texas', 77201, 'Beverly', 'Le Lievre', 'blelievreae@squarespace.com', '1944-11-18', '713-289-6927')
,(376, '992 Claremont Park', 'Kansas City', 'Missouri', 64190, 'Brenda', 'Boffey', 'bboffeyaf@51.la', '1973-11-19', '816-475-2471')
,(377, '7 Mandrake Trail', 'Tucson', 'Arizona', 85720, 'Rora', 'Huckel', 'rhuckelag@is.gd', '1986-08-26', '520-844-6061')
,(378, '882 Mifflin Circle', 'Honolulu', 'Hawaii', 96820, 'Corissa', 'Shayes', 'cshayesah@dion.ne.jp', '1985-04-23', '808-821-2275')
,(379, '8 School Point', 'Milwaukee', 'Wisconsin', 53215, 'Alonzo', 'Huttley', 'ahuttleyai@plala.or.jp', '1992-04-27', '414-612-8448')
,(380, '7 Northridge Park', 'Denver', 'Colorado', 80235, 'Emili', 'Pettman', 'epettmanaj@instagram.com', '1948-06-19', '303-291-9003')
,(381, '46 Corben Pass', 'Atlanta', 'Georgia', 31119, 'Brien', 'Whittam', 'bwhittamak@nasa.gov', '1993-08-10', '770-825-0188')
,(382, '7147 Prairie Rose Trail', 'Harrisburg', 'Pennsylvania', 17110, 'Christie', 'Kassidy', 'ckassidyal@about.com', '1953-06-01', '717-856-3237')
,(383, '56 Hoffman Plaza', 'Des Moines', 'Iowa', 50330, 'Agnesse', 'Heddy', 'aheddyam@eventbrite.com', '1982-09-22', '515-516-2138')
,(384, '1 Crownhardt Parkway', 'Lansing', 'Michigan', 48956, 'Vergil', 'Meechan', 'vmeechanan@berkeley.edu', '1973-01-11', '517-702-3904')
,(385, '99 Dwight Junction', 'Saint Paul', 'Minnesota', 55188, 'Raymond', 'Poolton', 'rpooltonao@blinklist.com', '1994-01-20', '651-830-4840')
,(386, '5736 Randy Road', 'Columbus', 'Ohio', 43210, 'Hayden', 'MacScherie', 'hmacscherieap@reverbnation.com', '1986-08-18', '614-253-4632')
,(387, '8161 Cambridge Pass', 'Glendale', 'Arizona', 85305, 'Murdoch', 'Sibylla', 'msibyllaaq@ucoz.ru', '1986-10-10', '623-286-0101')
,(388, '1 Bluestem Road', 'Saint Joseph', 'Missouri', 64504, 'Whit', 'Fraschetti', 'wfraschettiar@japanpost.jp', '1987-06-19', '816-624-5294')
,(389, '57 Bluestem Hill', 'Seattle', 'Washington', 98166, 'Granny', 'Glide', 'gglideas@fda.gov', '1943-12-28', '206-859-2154')
,(390, '21325 Corry Junction', 'Cincinnati', 'Ohio', 45238, 'Jacinta', 'Tredgold', 'jtredgoldat@msn.com', '1998-04-13', '513-435-0173')
,(391, '4 Arrowood Plaza', 'Tucson', 'Arizona', 85710, 'Danie', 'Gunter', 'dgunterau@alexa.com', '1979-04-20', '520-478-3111')
,(392, '91 Arapahoe Hill', 'Yakima', 'Washington', 98907, 'Penny', 'Klimowicz', 'pklimowiczav@artisteer.com', '1977-09-07', '509-980-4586')
,(393, '28878 Delaware Park', 'Reston', 'Virginia', 22096, 'Trisha', 'Burkett', 'tburkettaw@i2i.jp', '1952-12-17', '571-761-5495')
,(394, '35078 Starling Drive', 'Falls Church', 'Virginia', 22047, 'Rossy', 'Martland', 'rmartlandax@umich.edu', '1972-07-18', '571-765-9661')
,(395, '61 Vidon Parkway', 'Chicago', 'Illinois', 60641, 'Kattie', 'Bleackly', 'kbleacklyay@wufoo.com', '1944-10-18', '630-339-5435')
,(396, '30917 Independence Park', 'Houston', 'Texas', 77030, 'Dionisio', 'Leffek', 'dleffekaz@salon.com', '1961-03-07', '281-734-2984')
,(397, '88621 Saint Paul Circle', 'Oklahoma City', 'Oklahoma', 73124, 'Illa', 'Hurd', 'ihurdb0@unblog.fr', '1992-02-08', '405-130-7947')
,(398, '726 Forster Center', 'Brea', 'California', 92822, 'Ilysa', 'Chaudrelle', 'ichaudrelleb1@bizjournals.com', '1943-08-30', '818-277-9525')
,(399, '59991 Armistice Circle', 'Washington', 'District of Columbia', 20409, 'Briny', 'Jarret', 'bjarretb2@noaa.gov', '1954-04-04', '202-459-7589')
,(400, '86 Hovde Plaza', 'White Plains', 'New York', 10633, 'Orv', 'Reolfi', 'oreolfib3@google.co.uk', '1994-07-19', '845-920-8730')
,(401, '02317 Havey Drive', 'Chicago', 'Illinois', 60619, 'Shell', 'Humfrey', 'shumfreyb4@linkedin.com', '1970-11-29', '773-612-6452')
,(402, '700 Golf Road', 'Washington', 'District of Columbia', 20470, 'Dev', 'St. Hill', 'dsthillb5@wp.com', '2002-04-22', '202-235-1195')
,(403, '368 Grover Terrace', 'Bronx', 'New York', 10464, 'Hallsy', 'Willoway', 'hwillowayb6@quantcast.com', '1965-03-03', '914-162-7171')
,(404, '79069 Ridgeview Place', 'Hot Springs National Park', 'Arkansas', 71914, 'Phillipp', 'Coan', 'pcoanb7@hhs.gov', '1991-12-28', '501-578-8943')
,(405, '974 Fulton Pass', 'Birmingham', 'Alabama', 35290, 'Bradney', 'Maskall', 'bmaskallb8@wordpress.com', '1973-08-04', '205-972-9102')
,(406, '5 Montana Center', 'Seattle', 'Washington', 98127, 'Corney', 'McDuffy', 'cmcduffyb9@disqus.com', '1961-05-05', '206-309-7086')
,(407, '573 Bonner Drive', 'Houston', 'Texas', 77055, 'Nolan', 'Godly', 'ngodlyba@rakuten.co.jp', '1948-05-06', '832-249-5786')
,(408, '04894 Crest Line Plaza', 'Huntington', 'West Virginia', 25716, 'Royal', 'Twigley', 'rtwigleybb@mlb.com', '1986-06-21', '304-296-9054')
,(409, '6031 Moose Terrace', 'Pasadena', 'California', 91199, 'Yehudit', 'Leijs', 'yleijsbc@soup.io', '1956-07-31', '626-272-7509')
,(410, '39833 Surrey Point', 'Bronx', 'New York', 10459, 'Fancie', 'Binnie', 'fbinniebd@sfgate.com', '1993-01-20', '917-773-5714')
,(411, '250 Corry Park', 'San Antonio', 'Texas', 78215, 'Bondy', 'Shere', 'bsherebe@cloudflare.com', '1980-08-15', '210-566-9119')
,(412, '758 Sundown Center', 'Miami', 'Florida', 33169, 'Tasia', 'Combes', 'tcombesbf@woothemes.com', '1959-06-23', '954-904-8935')
,(413, '3 Debra Place', 'Saint Paul', 'Minnesota', 55103, 'Sascha', 'Clacson', 'sclacsonbg@google.co.jp', '1991-10-16', '651-284-5726')
,(414, '6139 4th Court', 'Longview', 'Texas', 75605, 'Kyle', 'Hecks', 'khecksbh@theguardian.com', '1953-04-23', '903-667-1623')
,(415, '5086 Gina Road', 'Charlotte', 'North Carolina', 28289, 'Sutherlan', 'Hubball', 'shubballbi@techcrunch.com', '1987-12-18', '704-856-9375')
,(416, '7673 Monterey Terrace', 'Washington', 'District of Columbia', 20231, 'Shel', 'Caffrey', 'scaffreybj@sphinn.com', '1966-08-09', '202-793-0440')
,(417, '0 Sage Circle', 'Port Washington', 'New York', 11054, 'Olav', 'Charker', 'ocharkerbk@upenn.edu', '1977-08-11', '516-954-9357')
,(418, '05 Ruskin Road', 'Houston', 'Texas', 77035, 'Sergio', 'Bradnam', 'sbradnambl@princeton.edu', '1984-12-06', '281-841-4480')
,(419, '3782 Hermina Point', 'Baltimore', 'Maryland', 21265, 'Lyndsey', 'Surr', 'lsurrbm@istockphoto.com', '1980-06-08', '410-465-6458')
,(420, '90110 Crest Line Alley', 'Northridge', 'California', 91328, 'Fiorenze', 'Loch', 'flochbn@newyorker.com', '1982-07-31', '818-961-2634')
,(421, '1 Norway Maple Circle', 'Columbia', 'Missouri', 65211, 'Elsi', 'Edson', 'eedsonbo@accuweather.com', '1962-12-03', '573-398-3651')
,(422, '02 Tennyson Lane', 'Seattle', 'Washington', 98140, 'Desiree', 'Chesser', 'dchesserbp@go.com', '1956-07-15', '206-774-5514')
,(423, '69 Thompson Plaza', 'Bakersfield', 'California', 93386, 'Dael', 'Hazelton', 'dhazeltonbq@mapy.cz', '1980-03-03', '661-265-5581')
,(424, '6581 6th Avenue', 'Atlanta', 'Georgia', 30351, 'Phineas', 'Orum', 'porumbr@icq.com', '1993-01-28', '404-643-8446')
,(425, '058 Cottonwood Junction', 'Pueblo', 'Colorado', 81015, 'Kerrill', 'Schaben', 'kschabenbs@sphinn.com', '1962-09-30', '719-874-5907')
,(426, '1793 Grayhawk Parkway', 'Baton Rouge', 'Louisiana', 70826, 'Nelie', 'Sokell', 'nsokellbt@pen.io', '1969-11-29', '225-333-4801')
,(427, '4563 Tony Place', 'Norman', 'Oklahoma', 73071, 'Debi', 'Conner', 'dconnerbu@wp.com', '1995-01-29', '405-971-8037')
,(428, '7 Moulton Road', 'Dallas', 'Texas', 75358, 'Darrelle', 'Farrier', 'dfarrierbv@gnu.org', '1944-08-25', '214-778-1924')
,(429, '59529 Fulton Avenue', 'Fort Lauderdale', 'Florida', 33320, 'Somerset', 'Ludee', 'sludeebw@cdc.gov', '1973-11-25', '754-448-0806')
,(430, '485 Artisan Street', 'Madison', 'Wisconsin', 53726, 'Darill', 'Carruth', 'dcarruthbx@foxnews.com', '2000-09-05', '608-860-0509')
,(431, '4 East Point', 'Fort Wayne', 'Indiana', 46857, 'Ennis', 'Coade', 'ecoadeby@statcounter.com', '1967-07-18', '260-485-5281')
,(432, '4 Pond Park', 'Des Moines', 'Iowa', 50310, 'Germaine', 'Dumblton', 'gdumbltonbz@adobe.com', '1946-12-04', '515-795-9275')
,(433, '80237 Corry Point', 'Midland', 'Michigan', 48670, 'Timmie', 'Adamides', 'tadamidesc0@weebly.com', '1993-02-06', '989-473-8595')
,(434, '57 Linden Circle', 'Albuquerque', 'New Mexico', 87190, 'Lynelle', 'Atthowe', 'latthowec1@macromedia.com', '1976-02-29', '505-647-1513')
,(435, '9 Melvin Plaza', 'Louisville', 'Kentucky', 40215, 'Lian', 'Phython', 'lphythonc2@microsoft.com', '1984-01-30', '502-782-7562')
,(436, '3 Gerald Terrace', 'Louisville', 'Kentucky', 40205, 'Judi', 'Keable', 'jkeablec3@umn.edu', '1971-08-04', '502-144-0170')
,(437, '8684 Stoughton Parkway', 'Bronx', 'New York', 10469, 'Rodi', 'Brookes', 'rbrookesc4@amazon.co.jp', '1946-01-16', '347-156-3266')
,(438, '85 Park Meadow Alley', 'Los Angeles', 'California', 90071, 'Addie', 'Moorcraft', 'amoorcraftc5@forbes.com', '1983-02-24', '424-850-4024')
,(439, '124 Hoffman Circle', 'Jamaica', 'New York', 11470, 'Merrile', 'Teulier', 'mteulierc6@newyorker.com', '1943-04-14', '917-729-5286')
,(440, '7 Thompson Circle', 'Muskegon', 'Michigan', 49444, 'Wilfred', 'Zink', 'wzinkc7@4shared.com', '1995-11-17', '231-372-9147')
,(441, '6365 American Place', 'Denver', 'Colorado', 80270, 'Alden', 'Kyne', 'akynec8@dell.com', '1992-02-01', '303-647-9171')
,(442, '23 Weeping Birch Junction', 'Valley Forge', 'Pennsylvania', 19495, 'Madlen', 'Ilott', 'milottc9@amazon.de', '1979-11-15', '484-259-4634')
,(443, '6 Pierstorff Street', 'Des Moines', 'Iowa', 50320, 'Todd', 'Hambridge', 'thambridgeca@discovery.com', '1950-02-27', '515-927-8580')
,(444, '4362 Kenwood Terrace', 'Lake Charles', 'Louisiana', 70607, 'Wallis', 'Byfford', 'wbyffordcb@taobao.com', '1991-09-15', '337-956-1966')
,(445, '9 John Wall Drive', 'Anaheim', 'California', 92825, 'Tedman', 'Andersson', 'tanderssoncc@cyberchimps.com', '1982-04-29', '714-438-0756')
,(446, '75 Artisan Alley', 'Atlanta', 'Georgia', 30306, 'Tracy', 'Gaynor', 'tgaynorcd@blogger.com', '1964-01-20', '678-588-5914')
,(447, '5 Glendale Road', 'Louisville', 'Kentucky', 40233, 'Brianne', 'Ballister', 'bballisterce@posterous.com', '1973-10-19', '502-712-5676')
,(448, '3 Hauk Hill', 'Oklahoma City', 'Oklahoma', 73152, 'Christoffer', 'Dudenie', 'cdudeniecf@google.ca', '1960-02-06', '405-411-4473')
,(449, '847 Merry Park', 'Mobile', 'Alabama', 36605, 'Kasey', 'Adderley', 'kadderleycg@stumbleupon.com', '1999-03-08', '251-992-8549')
,(450, '92 East Place', 'Valdosta', 'Georgia', 31605, 'Gerard', 'Bridger', 'gbridgerch@facebook.com', '1954-07-10', '229-471-3765')
,(451, '3 Gale Pass', 'Austin', 'Texas', 78732, 'Lynn', 'Beckford', 'lbeckfordci@arstechnica.com', '1944-05-10', '512-652-2655')
,(452, '7332 Thackeray Drive', 'Denver', 'Colorado', 80270, 'Isacco', 'Dangl', 'idanglcj@instagram.com', '1959-11-18', '303-813-5346')
,(453, '0 Fairfield Circle', 'Roanoke', 'Virginia', 24040, 'Zaccaria', 'Visick', 'zvisickck@eventbrite.com', '2000-06-07', '540-270-5648')
,(454, '003 Fairfield Avenue', 'Boise', 'Idaho', 83711, 'Jabez', 'Dechelle', 'jdechellecl@fema.gov', '1950-09-26', '208-784-7015')
,(455, '72 Commercial Avenue', 'Waterbury', 'Connecticut', 6726, 'Alyse', 'Dispencer', 'adispencercm@twitpic.com', '1997-01-19', '203-976-5107')
,(456, '0629 Messerschmidt Way', 'Charleston', 'West Virginia', 25331, 'Shell', 'Peto', 'spetocn@answers.com', '1991-08-06', '304-233-8538')
,(457, '03 Di Loreto Park', 'San Antonio', 'Texas', 78265, 'Cly', 'Grut', 'cgrutco@google.es', '1966-06-06', '210-661-8292')
,(458, '09 Eastwood Point', 'Phoenix', 'Arizona', 85015, 'Guillermo', 'Kennealy', 'gkennealycp@reverbnation.com', '1980-03-03', '480-509-6512')
,(459, '535 Parkside Crossing', 'Lake Worth', 'Florida', 33467, 'Christiano', 'Cousin', 'ccousincq@digg.com', '1982-04-21', '561-882-2598')
,(460, '36475 Claremont Crossing', 'Terre Haute', 'Indiana', 47812, 'Meridel', 'Laven', 'mlavencr@mapquest.com', '1981-09-25', '812-824-6368')
,(461, '18 Crest Line Terrace', 'Charleston', 'West Virginia', 25331, 'Carilyn', 'Ravenscroft', 'cravenscroftcs@yolasite.com', '1969-04-15', '304-303-7705')
,(462, '12 Bellgrove Trail', 'Springfield', 'Illinois', 62711, 'Rosemarie', 'Hatzar', 'rhatzarct@timesonline.co.uk', '1957-11-18', '217-917-9730')
,(463, '30233 Oak Court', 'Sioux Falls', 'South Dakota', 57193, 'Amitie', 'Swapp', 'aswappcu@discuz.net', '2000-05-22', '605-353-2878')
,(464, '7193 Glendale Drive', 'San Rafael', 'California', 94913, 'Land', 'Didsbury', 'ldidsburycv@sohu.com', '1977-07-09', '415-809-7466')
,(465, '9054 Iowa Park', 'Lubbock', 'Texas', 79410, 'Maxine', 'Haill', 'mhaillcw@nymag.com', '1954-06-18', '806-861-8546')
,(466, '987 Schurz Junction', 'Austin', 'Texas', 78721, 'Luise', 'Castillon', 'lcastilloncx@howstuffworks.com', '1994-01-30', '512-780-4957')
,(467, '08017 Roxbury Circle', 'Brockton', 'Massachusetts', 2305, 'Morty', 'Gascar', 'mgascarcy@accuweather.com', '1948-08-30', '508-860-7172')
,(468, '74 Porter Junction', 'Austin', 'Texas', 78703, 'Karon', 'Langfield', 'klangfieldcz@mac.com', '1981-11-11', '512-775-8465')
,(469, '61 Monterey Plaza', 'Sacramento', 'California', 95852, 'Ailis', 'Elverstone', 'aelverstoned0@aol.com', '1961-01-15', '916-352-5734')
,(470, '4 Mallard Road', 'Washington', 'District of Columbia', 20580, 'Lanette', 'Reuble', 'lreubled1@reference.com', '1988-11-13', '202-943-3636')
,(471, '57675 Claremont Alley', 'Stockton', 'California', 95205, 'Bronson', 'Scottesmoor', 'bscottesmoord2@buzzfeed.com', '1969-07-14', '209-830-3279')
,(472, '77 Hovde Way', 'Mobile', 'Alabama', 36605, 'Nicola', 'Barehead', 'nbareheadd3@mozilla.com', '1948-07-15', '251-850-3715')
,(473, '7 Brickson Park Center', 'Tulsa', 'Oklahoma', 74126, 'Neale', 'GiacobbiniJacob', 'ngiacobbinijacobd4@about.me', '2002-11-25', '918-954-6647')
,(474, '3 Rigney Avenue', 'Houston', 'Texas', 77250, 'Holli', 'Richt', 'hrichtd5@rakuten.co.jp', '1988-01-31', '713-652-2799')
,(475, '31 Jackson Point', 'Las Vegas', 'Nevada', 89135, 'Samaria', 'Church', 'schurchd6@japanpost.jp', '1956-11-22', '702-869-8434')
,(476, '5877 Nancy Point', 'Baltimore', 'Maryland', 21203, 'Carleen', 'Ferro', 'cferrod7@cafepress.com', '1976-10-05', '410-151-6781')
,(477, '7740 Garrison Road', 'Fredericksburg', 'Virginia', 22405, 'Donnell', 'Vanezis', 'dvanezisd8@chron.com', '1992-05-26', '540-641-4983')
,(478, '0554 Porter Point', 'Fort Myers', 'Florida', 33994, 'Alverta', 'Bertomieu', 'abertomieud9@netlog.com', '1948-04-03', '239-710-7793')
,(479, '792 Menomonie Alley', 'Fort Wayne', 'Indiana', 46805, 'Joey', 'Swettenham', 'jswettenhamda@fastcompany.com', '2001-03-24', '260-436-7383')
,(480, '7 Eliot Plaza', 'Schenectady', 'New York', 12305, 'Camala', 'Craster', 'ccrasterdb@booking.com', '2005-01-15', '518-668-3054')
,(481, '11633 Lien Center', 'Chattanooga', 'Tennessee', 37405, 'Janet', 'Simmonite', 'jsimmonitedc@google.com.hk', '1981-07-11', '423-843-7422')
,(482, '4334 Maple Wood Hill', 'Oakland', 'California', 94627, 'Rurik', 'Devereux', 'rdevereuxdd@smugmug.com', '1951-07-18', '510-216-4312')
,(483, '0306 Village Plaza', 'Charleston', 'West Virginia', 25313, 'Joanna', 'Alebrooke', 'jalebrookede@auda.org.au', '1943-12-21', '304-243-0291')
,(484, '1 Jenna Street', 'Washington', 'District of Columbia', 20220, 'Curcio', 'Norgate', 'cnorgatedf@china.com.cn', '1952-09-22', '202-617-7231')
,(485, '776 Hauk Alley', 'Fort Worth', 'Texas', 76178, 'Aylmer', 'Digg', 'adiggdg@washington.edu', '1946-05-26', '682-580-4105')
,(486, '8344 Miller Junction', 'Boston', 'Massachusetts', 2114, 'Yorgo', 'Angeau', 'yangeaudh@auda.org.au', '1978-02-28', '508-845-4548')
,(487, '3015 Sundown Drive', 'Zephyrhills', 'Florida', 33543, 'Letti', 'Sheber', 'lsheberdi@joomla.org', '1971-09-03', '813-108-0657')
,(488, '78805 Pleasure Circle', 'Jefferson City', 'Missouri', 65105, 'Eward', 'Drane', 'edranedj@comcast.net', '1982-07-19', '573-648-4305')
,(489, '963 Eagan Crossing', 'Charlotte', 'North Carolina', 28256, 'Sydney', 'Postan', 'spostandk@google.pl', '1998-03-04', '704-525-8070')
,(490, '38414 Blaine Terrace', 'Reading', 'Pennsylvania', 19605, 'Melvin', 'Stracey', 'mstraceydl@berkeley.edu', '1991-01-27', '610-637-5652')
,(491, '19 International Avenue', 'San Diego', 'California', 92165, 'Gillian', 'Juszczak', 'gjuszczakdm@latimes.com', '2004-11-30', '619-842-8088')
,(492, '15727 Gale Parkway', 'Pittsburgh', 'Pennsylvania', 15255, 'Vania', 'Thornhill', 'vthornhilldn@blogger.com', '1999-02-19', '412-642-6235')
,(493, '2145 Valley Edge Drive', 'Sacramento', 'California', 94237, 'Muffin', 'Sangwin', 'msangwindo@chicagotribune.com', '1979-02-14', '916-453-6566')
,(494, '53600 Warner Terrace', 'Roanoke', 'Virginia', 24024, 'Lissy', 'Adao', 'ladaodp@vkontakte.ru', '1947-12-20', '540-874-0245')
,(495, '402 Fair Oaks Point', 'Macon', 'Georgia', 31205, 'Emily', 'Zannutti', 'ezannuttidq@discovery.com', '1989-12-01', '478-295-2711')
,(496, '90778 Dahle Parkway', 'Orange', 'California', 92867, 'Norton', 'Cabena', 'ncabenadr@angelfire.com', '1983-09-28', '949-966-4868')
,(497, '7426 Hallows Pass', 'Louisville', 'Kentucky', 40225, 'Emmett', 'Breckwell', 'ebreckwellds@sina.com.cn', '1944-01-06', '502-219-2162')
,(498, '6 Jenifer Drive', 'Lancaster', 'California', 93584, 'Benedict', 'Northage', 'bnorthagedt@sphinn.com', '1985-10-18', '661-257-3052')
,(499, '280 Old Gate Pass', 'Jacksonville', 'Florida', 32255, 'Cordell', 'Barnfather', 'cbarnfatherdu@squidoo.com', '1989-08-16', '904-899-8050')
,(500, '49 Corben Parkway', 'San Francisco', 'California', 94121, 'Brunhilda', 'Castanho', 'bcastanhodv@newyorker.com', '1953-11-08', '415-105-6714')
,(501, '460 Anzinger Trail', 'Corpus Christi', 'Texas', 78405, 'Kilian', 'Leek', 'kleekdw@apache.org', '1982-01-05', '361-652-0329')
,(502, '8 Buhler Drive', 'Chicago', 'Illinois', 60691, 'Dionysus', 'Bulgen', 'dbulgendx@bing.com', '1978-08-05', '312-572-3766')
,(503, '0483 Dorton Street', 'Longview', 'Texas', 75605, 'Bobine', 'Chestney', 'bchestneydy@cdbaby.com', '1972-09-24', '903-476-8391')
,(504, '3 Rigney Drive', 'Seattle', 'Washington', 98115, 'Cirillo', 'Slyne', 'cslynedz@naver.com', '2000-06-24', '425-206-4322')
,(505, '94479 Ramsey Crossing', 'Greenville', 'South Carolina', 29610, 'Doralyn', 'Boissier', 'dboissiere0@sogou.com', '1956-02-24', '864-497-7212')
,(506, '141 Kedzie Terrace', 'Topeka', 'Kansas', 66699, 'Kathryne', 'MacNeil', 'kmacneile1@salon.com', '1994-12-28', '785-856-5069')
,(507, '000 Steensland Junction', 'Washington', 'District of Columbia', 20244, 'Otha', 'Safe', 'osafee2@barnesandnoble.com', '1988-02-14', '202-103-7926')
,(508, '78958 Clemons Point', 'Duluth', 'Minnesota', 55805, 'Luise', 'Vamplers', 'lvamplerse3@odnoklassniki.ru', '1994-11-21', '218-157-4216')
,(509, '175 Miller Point', 'Tallahassee', 'Florida', 32399, 'Cherrita', 'Wooller', 'cwoollere4@de.vu', '1974-07-07', '850-575-2265')
,(510, '57 Warner Place', 'Austin', 'Texas', 78749, 'Jon', 'Antosch', 'jantosche5@dailymotion.com', '1986-08-19', '512-199-2229')
,(511, '60854 Park Meadow Street', 'Hartford', 'Connecticut', 6160, 'Jerry', 'Challicum', 'jchallicume6@examiner.com', '1977-06-11', '860-719-9675')
,(512, '3 Manufacturers Drive', 'Macon', 'Georgia', 31217, 'Lionello', 'Port', 'lporte7@hexun.com', '1992-07-31', '912-672-4102')
,(513, '5 Corben Street', 'Scranton', 'Pennsylvania', 18505, 'Susanne', 'Meriet', 'smeriete8@examiner.com', '1969-03-18', '570-295-1604')
,(514, '91 American Ash Lane', 'Sioux City', 'Iowa', 51105, 'Nicolette', 'Girdwood', 'ngirdwoode9@simplemachines.org', '1959-06-15', '712-205-9005')
,(515, '66 Lawn Court', 'Houston', 'Texas', 77055, 'Elroy', 'Wilsdon', 'ewilsdonea@globo.com', '1993-05-01', '832-492-3721')
,(516, '3 Dryden Terrace', 'Atlanta', 'Georgia', 30336, 'Paxton', 'Waddingham', 'pwaddinghameb@yellowbook.com', '1983-02-26', '404-795-4437')
,(517, '2 Fuller Pass', 'Brooklyn', 'New York', 11254, 'Nannette', 'Martindale', 'nmartindaleec@google.es', '1969-04-13', '212-845-6521')
,(518, '7 Bashford Point', 'Amarillo', 'Texas', 79176, 'Donal', 'McArd', 'dmcarded@instagram.com', '1995-01-12', '806-654-7770')
,(519, '0 Reinke Court', 'Arlington', 'Virginia', 22217, 'Marcellus', 'Summersby', 'msummersbyee@stanford.edu', '1962-08-22', '571-516-7325')
,(520, '846 Forest Avenue', 'Corona', 'California', 92878, 'Kirstyn', 'Bayston', 'kbaystonef@baidu.com', '1946-06-22', '951-177-1782')
,(521, '34 Starling Street', 'Phoenix', 'Arizona', 85010, 'Lenci', 'Worrall', 'lworralleg@fastcompany.com', '1970-05-03', '602-283-9805')
,(522, '9 Westerfield Crossing', 'Tulsa', 'Oklahoma', 74170, 'Corey', 'Jest', 'cjesteh@thetimes.co.uk', '1969-12-07', '918-708-9345')
,(523, '7 Debs Alley', 'Louisville', 'Kentucky', 40280, 'Herbie', 'Petera', 'hpeteraei@github.com', '1978-04-30', '502-772-5492')
,(524, '7 Evergreen Crossing', 'Salt Lake City', 'Utah', 84189, 'Johannes', 'Plummer', 'jplummerej@berkeley.edu', '1992-01-24', '801-795-3230')
,(525, '058 Division Point', 'Louisville', 'Kentucky', 40256, 'Ahmed', 'Roskell', 'aroskellek@comcast.net', '1987-08-17', '502-311-8471')
,(526, '824 International Crossing', 'West Palm Beach', 'Florida', 33416, 'Currie', 'MacSkeagan', 'cmacskeaganel@cbc.ca', '1985-05-31', '561-506-1279')
,(527, '01249 Victoria Pass', 'Tampa', 'Florida', 33625, 'Aube', 'MacPake', 'amacpakeem@constantcontact.com', '1948-01-04', '813-231-6029')
,(528, '4014 Columbus Drive', 'Dallas', 'Texas', 75372, 'Marv', 'Demaid', 'mdemaiden@furl.net', '1952-10-02', '214-825-8959')
,(529, '59 Summit Terrace', 'Valdosta', 'Georgia', 31605, 'Archibaldo', 'Goodrum', 'agoodrumeo@mapquest.com', '2004-02-14', '229-645-7826')
,(530, '854 Farragut Park', 'Wichita', 'Kansas', 67210, 'Alfons', 'Twelves', 'atwelvesep@uiuc.edu', '1946-10-11', '316-176-1589')
,(531, '0215 Pepper Wood Place', 'Lakeland', 'Florida', 33811, 'Nolly', 'Romaines', 'nromaineseq@columbia.edu', '2001-05-19', '863-146-9503')
,(532, '38345 Hooker Plaza', 'Albuquerque', 'New Mexico', 87180, 'Fleur', 'Biesterfeld', 'fbiesterfelder@wufoo.com', '2002-07-05', '505-173-2372')
,(533, '0055 Lakeland Crossing', 'Mesa', 'Arizona', 85210, 'Briant', 'Skillern', 'bskillernes@unesco.org', '1944-01-05', '928-938-1955')
,(534, '40 Anthes Crossing', 'Tyler', 'Texas', 75705, 'Tedie', 'Showte', 'tshowteet@bluehost.com', '2001-10-26', '903-932-2793')
,(535, '1 Mitchell Circle', 'Annapolis', 'Maryland', 21405, 'Nissy', 'Lanfer', 'nlanfereu@indiegogo.com', '1980-10-18', '410-597-4992')
,(536, '12 Aberg Trail', 'Sacramento', 'California', 95828, 'Dori', 'Dyball', 'ddyballev@phpbb.com', '1967-05-16', '916-600-1779')
,(537, '378 Armistice Lane', 'Washington', 'District of Columbia', 20220, 'Sallee', 'Proffitt', 'sproffittew@odnoklassniki.ru', '1995-06-08', '202-811-1320')
,(538, '29 Harbort Crossing', 'Anaheim', 'California', 92825, 'Enrika', 'MacKeever', 'emackeeverex@ucoz.com', '1985-09-20', '714-520-2196')
,(539, '01016 Cambridge Point', 'Washington', 'District of Columbia', 20546, 'Dido', 'Scanderet', 'dscanderetey@google.ca', '1965-02-10', '202-457-3078')
,(540, '38 Sloan Parkway', 'Phoenix', 'Arizona', 85030, 'Melvyn', 'Shelper', 'mshelperez@java.com', '1972-12-18', '602-779-5040')
,(541, '8064 Brown Center', 'Oakland', 'California', 94622, 'Noami', 'Stinchcombe', 'nstinchcombef0@linkedin.com', '1955-12-25', '510-764-5848')
,(542, '721 Shopko Parkway', 'Charlotte', 'North Carolina', 28225, 'Leonie', 'Doe', 'ldoef1@google.com', '1947-08-11', '704-101-2821')
,(543, '71715 Meadow Vale Junction', 'Milwaukee', 'Wisconsin', 53215, 'Ambur', 'Bridge', 'abridgef2@craigslist.org', '1985-01-11', '414-262-0524')
,(544, '89 Pearson Circle', 'Portland', 'Oregon', 97201, 'Isabelita', 'Adamsson', 'iadamssonf3@theatlantic.com', '2001-05-26', '971-619-9512')
,(545, '3789 Vidon Hill', 'Long Beach', 'California', 90805, 'Roger', 'Whylie', 'rwhylief4@indiegogo.com', '1981-04-26', '562-981-5666')
,(546, '40 Colorado Plaza', 'Boynton Beach', 'Florida', 33436, 'Connie', 'Van Oort', 'cvanoortf5@rediff.com', '1944-07-11', '561-641-0409')
,(547, '7655 Ridge Oak Point', 'Brooklyn', 'New York', 11220, 'Goraud', 'Joel', 'gjoelf6@auda.org.au', '1983-03-15', '718-208-1126')
,(548, '0 Reinke Terrace', 'Fort Lauderdale', 'Florida', 33345, 'Evelin', 'Cobain', 'ecobainf7@pen.io', '1991-01-09', '754-469-9970')
,(549, '18142 Rigney Pass', 'Sarasota', 'Florida', 34233, 'Minni', 'Cunio', 'mcuniof8@51.la', '1957-07-01', '941-417-4790')
,(550, '2 Sullivan Way', 'Honolulu', 'Hawaii', 96815, 'Theresina', 'Snedker', 'tsnedkerf9@salon.com', '2000-01-23', '808-474-2521')
,(551, '372 Darwin Crossing', 'Lubbock', 'Texas', 79491, 'Gerry', 'Cicchinelli', 'gcicchinellifa@smugmug.com', '1994-10-17', '806-298-6630')
,(552, '7 Memorial Trail', 'Jefferson City', 'Missouri', 65110, 'Shaina', 'Cluely', 'scluelyfb@digg.com', '1991-07-06', '573-862-6813')
,(553, '7939 Ridge Oak Place', 'Raleigh', 'North Carolina', 27621, 'Lola', 'de Keep', 'ldekeepfc@typepad.com', '1944-07-01', '919-372-1191')
,(554, '01 Mariners Cove Road', 'Cedar Rapids', 'Iowa', 52410, 'Thorvald', 'Kleis', 'tkleisfd@addtoany.com', '1999-09-16', '319-391-7133')
,(555, '4219 Porter Trail', 'Cedar Rapids', 'Iowa', 52410, 'Neely', 'Georgeau', 'ngeorgeaufe@weather.com', '1980-11-10', '319-795-8162')
,(556, '61002 Schurz Point', 'Miami', 'Florida', 33134, 'Imogen', 'Jouandet', 'ijouandetff@desdev.cn', '1990-12-24', '786-281-3903')
,(557, '5936 Pierstorff Way', 'Independence', 'Missouri', 64054, 'Anders', 'Smither', 'asmitherfg@slideshare.net', '1983-06-14', '816-983-5196')
,(558, '24 Division Road', 'Roanoke', 'Virginia', 24014, 'Gerrie', 'Quiddinton', 'gquiddintonfh@state.tx.us', '1961-03-20', '540-764-4554')
,(559, '06689 Quincy Center', 'Raleigh', 'North Carolina', 27658, 'Mayne', 'Skeat', 'mskeatfi@blinklist.com', '1948-06-22', '919-628-2276')
,(560, '72 Warbler Avenue', 'Sacramento', 'California', 95852, 'Julianne', 'Artharg', 'jarthargfj@smugmug.com', '1993-09-11', '916-663-7708')
,(561, '779 Dwight Lane', 'New York City', 'New York', 10090, 'Peadar', 'Conneau', 'pconneaufk@yellowbook.com', '1945-12-03', '212-272-2371')
,(562, '7 Colorado Junction', 'Fort Wayne', 'Indiana', 46852, 'Beatrisa', 'Goldsby', 'bgoldsbyfl@goo.ne.jp', '1952-06-01', '260-518-0733')
,(563, '803 Monterey Hill', 'Chicago', 'Illinois', 60691, 'Gal', 'Colbridge', 'gcolbridgefm@cbc.ca', '1963-07-05', '312-513-6355')
,(564, '497 Parkside Street', 'Birmingham', 'Alabama', 35254, 'Owen', 'Coplestone', 'ocoplestonefn@infoseek.co.jp', '1993-08-08', '205-262-5387')
,(565, '24 Fallview Trail', 'Colorado Springs', 'Colorado', 80945, 'Gavra', 'Fowley', 'gfowleyfo@usgs.gov', '1954-09-22', '719-676-3456')
,(566, '7 Holmberg Circle', 'Monticello', 'Minnesota', 55585, 'Thomasa', 'Raisher', 'traisherfp@mashable.com', '2004-09-11', '763-638-1608')
,(567, '862 Mayer Alley', 'Mountain View', 'California', 94042, 'Roseann', 'Mendez', 'rmendezfq@php.net', '1964-06-24', '650-742-3214')
,(568, '623 Forest Run Way', 'Canton', 'Ohio', 44705, 'Nonna', 'Hallatt', 'nhallattfr@myspace.com', '1950-05-09', '330-253-0967')
,(569, '8307 Dwight Hill', 'Metairie', 'Louisiana', 70005, 'Theobald', 'Spawforth', 'tspawforthfs@gravatar.com', '1976-08-30', '504-322-9201')
,(570, '6 Warrior Plaza', 'Mobile', 'Alabama', 36605, 'Isidor', 'Haggerty', 'ihaggertyft@paypal.com', '1958-10-04', '251-808-1615')
,(571, '4401 Columbus Junction', 'Sioux Falls', 'South Dakota', 57198, 'Levy', 'Brannigan', 'lbranniganfu@alibaba.com', '1951-09-23', '605-712-2882')
,(572, '8 Sugar Plaza', 'Detroit', 'Michigan', 48217, 'Wilbur', 'Monni', 'wmonnifv@behance.net', '1973-06-10', '313-855-2191')
,(573, '7 Dapin Pass', 'Peoria', 'Arizona', 85383, 'Violet', 'Gerard', 'vgerardfw@ox.ac.uk', '1962-11-30', '623-607-9181')
,(574, '462 Mcguire Pass', 'New York City', 'New York', 10260, 'Susann', 'Rowsel', 'srowselfx@sogou.com', '2002-12-17', '212-277-2845')
,(575, '36 Arizona Way', 'Birmingham', 'Alabama', 35215, 'Barbie', 'Lockitt', 'blockittfy@blogtalkradio.com', '1990-01-04', '205-579-7263')
,(576, '5263 Menomonie Alley', 'Monroe', 'Louisiana', 71208, 'Mandy', 'Crippell', 'mcrippellfz@biglobe.ne.jp', '1955-09-22', '318-877-8908')
,(577, '068 Ryan Road', 'Irving', 'Texas', 75062, 'Julianna', 'Viles', 'jvilesg0@oracle.com', '1948-04-04', '214-557-7262')
,(578, '87 Gateway Pass', 'Waterloo', 'Iowa', 50706, 'Silvana', 'Entwistle', 'sentwistleg1@scribd.com', '1966-09-19', '319-810-0877')
,(579, '18309 Dixon Circle', 'Tampa', 'Florida', 33680, 'Garret', 'Boleyn', 'gboleyng2@ucla.edu', '1967-04-26', '813-791-0597')
,(580, '8 Summer Ridge Center', 'Billings', 'Montana', 59105, 'Margarette', 'Braney', 'mbraneyg3@dyndns.org', '1976-03-14', '406-222-5842')
,(581, '68 Northview Park', 'Cincinnati', 'Ohio', 45213, 'Emlynne', 'Berston', 'eberstong4@dell.com', '1967-01-03', '513-976-7010')
,(582, '189 Dunning Trail', 'El Paso', 'Texas', 79977, 'Eda', 'Sackur', 'esackurg5@uol.com.br', '1968-07-04', '915-780-3802')
,(583, '15336 Maple Wood Circle', 'Houston', 'Texas', 77234, 'Eldridge', 'Vasilischev', 'evasilischevg6@phpbb.com', '1986-09-05', '713-922-6169')
,(584, '595 Fremont Hill', 'El Paso', 'Texas', 88569, 'Gunter', 'Handlin', 'ghandling7@squidoo.com', '1981-05-01', '915-650-9036')
,(585, '75531 Village Road', 'Kansas City', 'Kansas', 66112, 'Bridie', 'Ormond', 'bormondg8@weebly.com', '1984-05-24', '913-442-6669')
,(586, '4450 Quincy Lane', 'Washington', 'District of Columbia', 20022, 'Theo', 'Iacabucci', 'tiacabuccig9@aboutads.info', '2004-10-27', '202-619-6638')
,(587, '86 Porter Trail', 'Roanoke', 'Virginia', 24004, 'Tandy', 'Heaney', 'theaneyga@friendfeed.com', '1962-02-28', '540-439-7998')
,(588, '334 Merrick Drive', 'Houston', 'Texas', 77055, 'Marcelline', 'McLese', 'mmclesegb@freewebs.com', '2002-04-15', '713-959-7332')
,(589, '09 Dakota Place', 'Saint Petersburg', 'Florida', 33737, 'Jacinda', 'Postle', 'jpostlegc@ucsd.edu', '1988-07-10', '727-232-3167')
,(590, '503 Mcguire Pass', 'Philadelphia', 'Pennsylvania', 19104, 'Rodrigo', 'Pellew', 'rpellewgd@cafepress.com', '1985-02-19', '610-535-2665')
,(591, '48487 Independence Crossing', 'Reno', 'Nevada', 89510, 'Carce', 'Rays', 'craysge@i2i.jp', '1958-09-04', '775-828-3982')
,(592, '7 International Drive', 'Whittier', 'California', 90605, 'Leoine', 'Riche', 'lrichegf@paginegialle.it', '1963-04-09', '562-119-1463')
,(593, '63251 Jackson Way', 'Louisville', 'Kentucky', 40256, 'Liza', 'Ferencowicz', 'lferencowiczgg@mashable.com', '2003-09-21', '502-891-1452')
,(594, '32 Gina Drive', 'El Paso', 'Texas', 88553, 'Gaven', 'Carnilian', 'gcarniliangh@goo.ne.jp', '1954-07-28', '915-237-4884')
,(595, '5179 Brown Alley', 'Dallas', 'Texas', 75226, 'Orazio', 'Read', 'oreadgi@unesco.org', '1945-01-20', '903-194-5116')
,(596, '706 Dennis Court', 'Charlotte', 'North Carolina', 28278, 'Wallace', 'Drane', 'wdranegj@discovery.com', '1969-04-15', '704-201-3334')
,(597, '8 Crest Line Street', 'Merrifield', 'Virginia', 22119, 'Micheil', 'Branston', 'mbranstongk@discovery.com', '1995-08-13', '571-318-1002')
,(598, '63670 Michigan Place', 'Little Rock', 'Arkansas', 72215, 'Charla', 'Benne', 'cbennegl@nymag.com', '1994-12-09', '501-816-7158')
,(599, '710 Graedel Point', 'Little Rock', 'Arkansas', 72209, 'Brana', 'Grombridge', 'bgrombridgegm@1688.com', '1974-08-20', '501-216-3934')
,(600, '05 Shoshone Place', 'Seattle', 'Washington', 98133, 'Germain', 'Hillam', 'ghillamgn@miitbeian.gov.cn', '1984-11-15', '425-518-4802')
,(601, '7 Nobel Lane', 'New York City', 'New York', 10165, 'Denny', 'Gabel', 'dgabelgo@shareasale.com', '1977-12-05', '917-964-4314')
,(602, '71352 Oakridge Alley', 'Garland', 'Texas', 75049, 'Samantha', 'Ledur', 'sledurgp@themeforest.net', '1959-04-13', '214-845-0891')
,(603, '4 Hauk Road', 'Littleton', 'Colorado', 80127, 'Andrey', 'Teresa', 'ateresagq@usnews.com', '1973-11-09', '720-900-8209')
,(604, '24525 Barby Terrace', 'Detroit', 'Michigan', 48232, 'Kary', 'McNish', 'kmcnishgr@ucoz.ru', '1970-04-06', '313-143-2767')
,(605, '83 Sloan Road', 'Indianapolis', 'Indiana', 46247, 'Dud', 'Silverstone', 'dsilverstonegs@icio.us', '1985-11-18', '317-665-6505')
,(606, '2 Basil Parkway', 'Springfield', 'Massachusetts', 1152, 'Flint', 'Mattia', 'fmattiagt@java.com', '1984-04-20', '413-409-4102')
,(607, '983 Onsgard Point', 'New York City', 'New York', 10275, 'Carlene', 'Bettanay', 'cbettanaygu@nationalgeographic.com', '1962-10-09', '212-113-8429')
,(608, '4505 Menomonie Parkway', 'Fort Lauderdale', 'Florida', 33315, 'Had', 'Fisk', 'hfiskgv@discovery.com', '1951-06-20', '954-286-8701')
,(609, '83 Doe Crossing Lane', 'Detroit', 'Michigan', 48217, 'Adriena', 'Mazzeo', 'amazzeogw@blogtalkradio.com', '1981-12-09', '313-881-4607')
,(610, '9 Becker Court', 'Santa Rosa', 'California', 95405, 'Enos', 'Kirkebye', 'ekirkebyegx@eepurl.com', '1957-04-27', '707-199-6458')
,(611, '0886 Cambridge Terrace', 'Saginaw', 'Michigan', 48604, 'Enos', 'Stappard', 'estappardgy@mashable.com', '1968-10-10', '989-482-9544')
,(612, '91 Oak Valley Circle', 'Oakland', 'California', 94616, 'Krispin', 'Dealtry', 'kdealtrygz@sfgate.com', '1984-03-20', '415-348-8294')
,(613, '376 Stang Place', 'Dallas', 'Texas', 75287, 'Brooks', 'Leggen', 'bleggenh0@prweb.com', '1988-09-08', '469-458-2380')
,(614, '8389 Service Alley', 'Mobile', 'Alabama', 36689, 'Donnajean', 'Jaksic', 'djaksich1@japanpost.jp', '1958-12-30', '251-213-3991')
,(615, '0508 Bellgrove Park', 'San Luis Obispo', 'California', 93407, 'Dante', 'Brice', 'dbriceh2@ning.com', '1948-03-22', '805-396-7587')
,(616, '1 Cordelia Parkway', 'North Las Vegas', 'Nevada', 89036, 'Wallie', 'Platfoot', 'wplatfooth3@go.com', '1991-03-05', '702-703-3190')
,(617, '0 Carioca Pass', 'Raleigh', 'North Carolina', 27626, 'Olva', 'Whitcombe', 'owhitcombeh4@dailymail.co.uk', '1952-10-18', '919-390-5236')
,(618, '29629 Hazelcrest Terrace', 'Yonkers', 'New York', 10705, 'Vonny', 'Lugg', 'vluggh5@gov.uk', '1963-09-01', '914-764-8729')
,(619, '2 Lake View Terrace', 'Saint Petersburg', 'Florida', 33737, 'Culley', 'McGonnell', 'cmcgonnellh6@tripadvisor.com', '1999-11-21', '727-729-6002')
,(620, '8 Lillian Crossing', 'Odessa', 'Texas', 79764, 'Liana', 'Nice', 'lniceh7@hexun.com', '1944-07-11', '432-549-7812')
,(621, '1119 Amoth Plaza', 'Tampa', 'Florida', 33605, 'Patricia', 'Wilkisson', 'pwilkissonh8@macromedia.com', '1962-03-31', '813-168-1527')
,(622, '7142 Rigney Road', 'San Antonio', 'Texas', 78205, 'Max', 'Younger', 'myoungerh9@theglobeandmail.com', '1944-09-06', '210-539-1506')
,(623, '23690 Barnett Road', 'Camden', 'New Jersey', 8104, 'Karlen', 'Foard', 'kfoardha@unblog.fr', '1963-01-14', '856-706-2583')
,(624, '952 Linden Center', 'Chandler', 'Arizona', 85246, 'Rodolph', 'Waterman', 'rwatermanhb@plala.or.jp', '1982-12-23', '602-955-7454')
,(625, '3968 Waubesa Alley', 'Boulder', 'Colorado', 80305, 'Carmen', 'Giggie', 'cgiggiehc@hud.gov', '1945-04-01', '303-944-1682')
,(626, '72 Surrey Trail', 'Dallas', 'Texas', 75226, 'Priscella', 'Kagan', 'pkaganhd@ft.com', '1979-03-29', '469-325-9565')
,(627, '16 Armistice Drive', 'Flint', 'Michigan', 48550, 'Cammie', 'Soggee', 'csoggeehe@clickbank.net', '1995-09-10', '810-496-1299')
,(628, '5100 Sommers Street', 'Washington', 'District of Columbia', 20244, 'Cloris', 'Molian', 'cmolianhf@blogspot.com', '1951-02-10', '202-570-3038')
,(629, '2 Basil Plaza', 'Gatesville', 'Texas', 76598, 'Debbie', 'Ivakhno', 'divakhnohg@wix.com', '1944-09-17', '254-163-7969')
,(630, '6597 Bashford Park', 'Aurora', 'Colorado', 80015, 'Leonora', 'Hargrove', 'lhargrovehh@seattletimes.com', '1960-12-17', '720-539-1199')
,(631, '73929 Haas Avenue', 'New Brunswick', 'New Jersey', 8922, 'Valera', 'Jeynes', 'vjeyneshi@bloglines.com', '1978-06-02', '732-717-7698')
,(632, '7648 Ridge Oak Avenue', 'Savannah', 'Georgia', 31422, 'Julissa', 'Shrubb', 'jshrubbhj@admin.ch', '1988-09-23', '912-216-9315')
,(633, '14 Doe Crossing Lane', 'Mesa', 'Arizona', 85205, 'Aubree', 'Foulgham', 'afoulghamhk@state.tx.us', '1972-01-08', '602-787-1427')
,(634, '29264 Thompson Junction', 'Portsmouth', 'New Hampshire', 3804, 'Tymothy', 'Bosworth', 'tbosworthhl@si.edu', '2003-05-05', '603-261-9612')
,(635, '0 Dorton Circle', 'Dallas', 'Texas', 75323, 'Lauree', 'Beyn', 'lbeynhm@abc.net.au', '1944-07-30', '214-627-8781')
,(636, '5060 Farwell Parkway', 'Eugene', 'Oregon', 97405, 'Gonzalo', 'Minguet', 'gminguethn@netvibes.com', '1970-07-24', '541-956-0263')
,(637, '8754 Colorado Alley', 'Houston', 'Texas', 77085, 'Ronalda', 'Richfield', 'rrichfieldho@list-manage.com', '1948-05-03', '281-392-6154')
,(638, '421 Iowa Court', 'Toledo', 'Ohio', 43666, 'Rebe', 'Elgram', 'relgramhp@wikimedia.org', '2004-07-22', '419-120-7303')
,(639, '6038 Reinke Place', 'Huntington', 'West Virginia', 25709, 'Ravi', 'Spickett', 'rspicketthq@accuweather.com', '1954-09-06', '304-959-8482')
,(640, '95832 Gale Park', 'Dallas', 'Texas', 75277, 'Marj', 'Spaduzza', 'mspaduzzahr@freewebs.com', '2003-06-20', '214-408-4545')
,(641, '80996 Upham Plaza', 'Monroe', 'Louisiana', 71213, 'Bethany', 'Sikorski', 'bsikorskihs@wp.com', '2001-09-06', '318-440-0471')
,(642, '55878 Eggendart Junction', 'New Haven', 'Connecticut', 6533, 'Nye', 'Flintoffe', 'nflintoffeht@weibo.com', '1967-09-09', '203-499-6075')
,(643, '92562 Kings Place', 'Seminole', 'Florida', 34642, 'Jacintha', 'Claffey', 'jclaffeyhu@japanpost.jp', '1968-01-11', '941-525-0906')
,(644, '4480 Dixon Pass', 'Fort Collins', 'Colorado', 80525, 'Wayland', 'Hanscom', 'whanscomhv@theguardian.com', '2004-01-17', '970-221-5479')
,(645, '6316 Harbort Terrace', 'Birmingham', 'Alabama', 35205, 'Tremaine', 'Eary', 'tearyhw@dyndns.org', '1997-03-23', '205-134-8394')
,(646, '36 Meadow Valley Crossing', 'Brooklyn', 'New York', 11225, 'Byrle', 'Kristiansen', 'bkristiansenhx@economist.com', '1963-03-06', '718-759-8672')
,(647, '7998 Marquette Court', 'Washington', 'District of Columbia', 56944, 'Courtney', 'De la Yglesia', 'cdelayglesiahy@php.net', '1964-12-03', '202-437-5356')
,(648, '1162 Weeping Birch Crossing', 'Santa Fe', 'New Mexico', 87592, 'Cari', 'Krabbe', 'ckrabbehz@omniture.com', '1992-09-01', '505-430-1833')
,(649, '3142 Fair Oaks Avenue', 'Columbus', 'Ohio', 43204, 'Danit', 'Cornau', 'dcornaui0@theguardian.com', '1947-08-08', '614-410-5201')
,(650, '981 Merchant Center', 'Sacramento', 'California', 95894, 'Maximilianus', 'MacLachlan', 'mmaclachlani1@mediafire.com', '2002-07-17', '916-396-8793')
,(651, '0459 Surrey Plaza', 'Lexington', 'Kentucky', 40581, 'Benjie', 'Sulley', 'bsulleyi2@freewebs.com', '1951-07-31', '859-264-3843')
,(652, '39 Sundown Park', 'Detroit', 'Michigan', 48232, 'Alisa', 'Pember', 'apemberi3@naver.com', '1985-11-16', '313-227-4059')
,(653, '661 Westridge Plaza', 'Arvada', 'Colorado', 80005, 'Yasmin', 'Escott', 'yescotti4@walmart.com', '2002-04-04', '303-659-4013')
,(654, '498 Victoria Court', 'Philadelphia', 'Pennsylvania', 19196, 'Shae', 'Kenrick', 'skenricki5@amazon.com', '1976-02-15', '215-437-0993')
,(655, '203 Dottie Pass', 'Norfolk', 'Virginia', 23504, 'Jeana', 'Mathys', 'jmathysi6@w3.org', '1954-08-22', '757-958-2926')
,(656, '64 Browning Alley', 'Houston', 'Texas', 77266, 'Lonnie', 'Sandal', 'lsandali7@economist.com', '1964-04-09', '713-102-0111')
,(657, '4 Longview Pass', 'Evansville', 'Indiana', 47737, 'Ollie', 'Bernardy', 'obernardyi8@myspace.com', '1944-10-11', '812-582-4297')
,(658, '348 Oneill Avenue', 'Naples', 'Florida', 33963, 'Marchelle', 'Nias', 'mniasi9@google.fr', '1953-09-04', '239-833-8758')
,(659, '4 Northfield Terrace', 'Pueblo', 'Colorado', 81005, 'Casey', 'Hadenton', 'chadentonia@omniture.com', '1945-11-21', '719-298-4123')
,(660, '26 Grayhawk Avenue', 'North Las Vegas', 'Nevada', 89087, 'Decca', 'Pellamont', 'dpellamontib@pbs.org', '1973-01-15', '702-770-4346')
,(661, '9 Victoria Lane', 'Dallas', 'Texas', 75236, 'Wright', 'Juarez', 'wjuarezic@seattletimes.com', '1950-07-28', '214-588-3618')
,(662, '96 Golf Course Crossing', 'Albany', 'New York', 12255, 'Derek', 'Moreinis', 'dmoreinisid@cnn.com', '2000-07-15', '518-864-0817')
,(663, '993 Portage Alley', 'Colorado Springs', 'Colorado', 80930, 'Monica', 'Wein', 'mweinie@friendfeed.com', '1980-07-13', '719-337-3924')
,(664, '0 Graceland Pass', 'North Little Rock', 'Arkansas', 72199, 'Jacklyn', 'Deaville', 'jdeavilleif@apache.org', '1998-08-12', '501-893-4749')
,(665, '01 Tennyson Plaza', 'Anchorage', 'Alaska', 99512, 'Matty', 'Albiston', 'malbistonig@google.cn', '1983-01-20', '907-513-7878')
,(666, '61482 Arrowood Crossing', 'Houston', 'Texas', 77281, 'Josee', 'Chown', 'jchownih@reverbnation.com', '2004-05-20', '713-545-8941')
,(667, '347 Sutherland Junction', 'El Paso', 'Texas', 88530, 'Purcell', 'Cammidge', 'pcammidgeii@blinklist.com', '1978-01-13', '915-330-6662')
,(668, '934 Birchwood Parkway', 'Las Vegas', 'Nevada', 89120, 'Irma', 'Morcom', 'imorcomij@mail.ru', '2001-05-27', '702-236-8486')
,(669, '0756 Granby Court', 'Sacramento', 'California', 95813, 'Shannon', 'Minker', 'sminkerik@mediafire.com', '1956-07-25', '916-941-3649')
,(670, '695 Rowland Pass', 'Alexandria', 'Louisiana', 71307, 'Bartlet', 'Rubenczyk', 'brubenczykil@ning.com', '1954-07-25', '318-351-5551')
,(671, '98025 Everett Park', 'Winston Salem', 'North Carolina', 27157, 'Devinne', 'Whaites', 'dwhaitesim@mysql.com', '1944-06-15', '336-230-7194')
,(672, '1124 Mallard Road', 'Beaumont', 'Texas', 77713, 'Kort', 'Gallyon', 'kgallyonin@domainmarket.com', '1948-05-03', '409-632-3304')
,(673, '77 Truax Avenue', 'Brockton', 'Massachusetts', 2305, 'Jesus', 'Newdick', 'jnewdickio@ucla.edu', '1985-04-09', '508-235-7527')
,(674, '2 Ilene Avenue', 'Oakland', 'California', 94622, 'Marylynne', 'See', 'mseeip@eepurl.com', '1980-08-20', '510-373-8586')
,(675, '68 Onsgard Way', 'Newport News', 'Virginia', 23605, 'Bevan', 'Goring', 'bgoringiq@seattletimes.com', '2003-06-16', '757-373-1976')
,(676, '77 Everett Drive', 'Saginaw', 'Michigan', 48609, 'Katleen', 'Bretton', 'kbrettonir@gravatar.com', '1984-02-21', '989-277-0317')
,(677, '28 Carpenter Circle', 'Charlottesville', 'Virginia', 22903, 'Genovera', 'McIsaac', 'gmcisaacis@wikispaces.com', '1970-09-21', '540-623-6823')
,(678, '99 Melrose Trail', 'Jackson', 'Mississippi', 39296, 'Juditha', 'Ismail', 'jismailit@businessweek.com', '1945-03-28', '601-679-0746')
,(679, '5009 Forster Center', 'Seattle', 'Washington', 98140, 'Freddie', 'Truesdale', 'ftruesdaleiu@hibu.com', '1974-04-08', '206-399-8209')
,(680, '863 Evergreen Pass', 'Salt Lake City', 'Utah', 84120, 'Saudra', 'Almey', 'salmeyiv@jiathis.com', '1952-01-02', '801-340-8608')
,(681, '27 Armistice Plaza', 'Columbia', 'South Carolina', 29208, 'Sibylla', 'Cuschieri', 'scuschieriiw@wikipedia.org', '1947-03-03', '803-180-9054')
,(682, '362 Mcguire Circle', 'Bronx', 'New York', 10464, 'Lorenza', 'Lafoy', 'llafoyix@godaddy.com', '1947-11-18', '914-240-6637')
,(683, '679 Scoville Road', 'Philadelphia', 'Pennsylvania', 19125, 'Shurlock', 'Pawlick', 'spawlickiy@patch.com', '1966-11-01', '215-693-9127')
,(684, '73590 Forest Run Court', 'Albany', 'New York', 12210, 'Mirabel', 'Parkinson', 'mparkinsoniz@reuters.com', '1969-01-19', '518-114-7659')
,(685, '50711 Menomonie Road', 'Norfolk', 'Virginia', 23504, 'Sissie', 'Cluatt', 'scluattj0@psu.edu', '1948-03-05', '757-889-5914')
,(686, '6 Kinsman Street', 'Rochester', 'New York', 14624, 'Melinda', 'Pinyon', 'mpinyonj1@ezinearticles.com', '1944-03-26', '585-824-6052')
,(687, '46 Graedel Place', 'Hagerstown', 'Maryland', 21747, 'Arvin', 'Smithend', 'asmithendj2@utexas.edu', '1984-10-22', '240-986-5700')
,(688, '1 Ohio Point', 'Oklahoma City', 'Oklahoma', 73109, 'Aggy', 'Wickenden', 'awickendenj3@seesaa.net', '1980-05-07', '405-755-5759')
,(689, '72571 Granby Pass', 'Fresno', 'California', 93750, 'Kaile', 'Pummery', 'kpummeryj4@cbsnews.com', '2004-10-26', '559-876-1041')
,(690, '72 Upham Point', 'Dallas', 'Texas', 75241, 'Saleem', 'Vigrass', 'svigrassj5@gnu.org', '1999-11-18', '469-166-3164')
,(691, '0 Dottie Terrace', 'Washington', 'District of Columbia', 20503, 'Lucius', 'Greetland', 'lgreetlandj6@google.ca', '1973-10-20', '202-886-8364')
,(692, '2338 Kings Street', 'Corona', 'California', 92878, 'Blair', 'Baude', 'bbaudej7@weebly.com', '1972-03-04', '951-659-8512')
,(693, '856 Butterfield Parkway', 'Dallas', 'Texas', 75236, 'Jade', 'Manon', 'jmanonj8@washingtonpost.com', '1987-04-14', '214-986-4804')
,(694, '9824 Ohio Place', 'Lancaster', 'California', 93584, 'Jarred', 'Baterip', 'jbateripj9@spiegel.de', '1987-01-01', '661-848-4685')
,(695, '1 Fallview Crossing', 'Spokane', 'Washington', 99252, 'Tina', 'Hamor', 'thamorja@tinypic.com', '1991-11-24', '509-881-1921')
,(696, '4 Briar Crest Pass', 'Fort Lauderdale', 'Florida', 33355, 'Kissie', 'Robshaw', 'krobshawjb@theglobeandmail.com', '1945-04-04', '754-668-1795')
,(697, '17 Chive Place', 'Des Moines', 'Iowa', 50315, 'Jandy', 'Fery', 'jferyjc@uol.com.br', '1956-06-13', '515-298-1603')
,(698, '1 Prairie Rose Circle', 'San Francisco', 'California', 94154, 'Robert', 'Mattacks', 'rmattacksjd@liveinternet.ru', '1986-03-14', '415-993-9717')
,(699, '9442 Redwing Circle', 'Van Nuys', 'California', 91411, 'Maude', 'Antonietti', 'mantoniettije@cocolog-nifty.com', '1984-09-30', '213-430-4557')
,(700, '4 Maryland Pass', 'Denver', 'Colorado', 80249, 'Bibbie', 'Alfonso', 'balfonsojf@thetimes.co.uk', '1974-10-30', '720-436-7395')
,(701, '72 Schmedeman Crossing', 'North Hollywood', 'California', 91606, 'Elvin', 'Smoote', 'esmootejg@scientificamerican.com', '1945-10-29', '323-399-3179')
,(702, '36 Schmedeman Place', 'Lexington', 'Kentucky', 40596, 'Colman', 'Harmes', 'charmesjh@google.ca', '1949-09-08', '859-224-0679')
,(703, '016 Oriole Trail', 'Mesquite', 'Texas', 75185, 'Lexy', 'Langstone', 'llangstoneji@edublogs.org', '2000-05-14', '214-502-5715')
,(704, '5 Mallard Street', 'Longview', 'Texas', 75605, 'Janot', 'Dartnell', 'jdartnelljj@flavors.me', '1949-11-18', '903-884-0234')
,(705, '5 Reindahl Way', 'Myrtle Beach', 'South Carolina', 29579, 'Reuven', 'Keyden', 'rkeydenjk@histats.com', '1946-08-23', '843-253-3378')
,(706, '50 Declaration Trail', 'Wichita', 'Kansas', 67230, 'Niki', 'Monahan', 'nmonahanjl@pen.io', '1994-12-19', '316-503-5415')
,(707, '419 Shoshone Avenue', 'Dallas', 'Texas', 75277, 'Alethea', 'Cescotti', 'acescottijm@state.tx.us', '1955-10-26', '214-284-7542')
,(708, '5156 Dwight Place', 'Boston', 'Massachusetts', 2298, 'Bondon', 'Treleaven', 'btreleavenjn@vistaprint.com', '1970-04-24', '617-637-9865')
,(709, '38449 Kedzie Trail', 'Macon', 'Georgia', 31210, 'Dinah', 'MacKill', 'dmackilljo@wikispaces.com', '2003-10-21', '478-395-2982')
,(710, '21 Stang Drive', 'Brooklyn', 'New York', 11254, 'Rutger', 'Klimashevich', 'rklimashevichjp@ocn.ne.jp', '1962-09-24', '212-340-6821')
,(711, '03 Oakridge Alley', 'Mc Keesport', 'Pennsylvania', 15134, 'Donalt', 'Ollie', 'dolliejq@ustream.tv', '1971-11-29', '412-610-5072')
,(712, '2739 Melody Lane', 'Atlanta', 'Georgia', 30351, 'Marena', 'Tarborn', 'mtarbornjr@trellian.com', '1984-06-10', '404-508-9542')
,(713, '326 Darwin Road', 'Kansas City', 'Missouri', 64179, 'Skell', 'Kuhl', 'skuhljs@indiatimes.com', '1951-08-01', '816-892-8313')
,(714, '8276 Randy Avenue', 'Sioux Falls', 'South Dakota', 57105, 'Nancy', "O'Hearn", 'nohearnjt@cornell.edu', '1960-05-10', '605-956-7589')
,(715, '90 Stone Corner Place', 'El Paso', 'Texas', 88574, 'Nil', 'MacDonell', 'nmacdonellju@hhs.gov', '1993-02-15', '915-146-4953')
,(716, '6 Sutteridge Circle', 'Omaha', 'Nebraska', 68197, 'Jacquetta', 'Melling', 'jmellingjv@uol.com.br', '1985-07-25', '402-931-9815')
,(717, '05495 Basil Alley', 'Littleton', 'Colorado', 80161, 'Thane', 'McCome', 'tmccomejw@wp.com', '1972-04-22', '303-826-0790')
,(718, '60051 Chive Plaza', 'Topeka', 'Kansas', 66617, 'Elias', 'Van Dale', 'evandalejx@soup.io', '2001-06-25', '785-532-6568')
,(719, '39604 Stuart Parkway', 'Hartford', 'Connecticut', 6120, 'Savina', 'Marrow', 'smarrowjy@skype.com', '1977-09-12', '860-991-8029')
,(720, '8693 Dennis Road', 'Saint Petersburg', 'Florida', 33737, 'Knox', 'Pellington', 'kpellingtonjz@va.gov', '1997-01-05', '727-489-9498')
,(721, '97553 Waxwing Plaza', 'San Jose', 'California', 95108, 'Gert', 'Saltern', 'gsalternk0@smh.com.au', '1968-07-26', '408-994-9259')
,(722, '05 Charing Cross Hill', 'Augusta', 'Georgia', 30905, 'Noble', 'Sneesbie', 'nsneesbiek1@yellowbook.com', '1991-05-23', '706-384-5949')
,(723, '1 Shelley Alley', 'Dallas', 'Texas', 75353, 'Ivory', 'Burstow', 'iburstowk2@e-recht24.de', '1999-05-01', '214-236-6515')
,(724, '642 Stuart Alley', 'Washington', 'District of Columbia', 20205, 'Marylou', 'Slixby', 'mslixbyk3@narod.ru', '1944-08-29', '202-808-6249')
,(725, '41 Morrow Hill', 'Raleigh', 'North Carolina', 27658, 'Eveline', 'Morgan', 'emorgank4@dyndns.org', '1955-10-19', '919-266-7716')
,(726, '474 Reinke Avenue', 'New Orleans', 'Louisiana', 70179, 'Delcina', 'Cheshir', 'dcheshirk5@slashdot.org', '1954-06-28', '504-297-6739')
,(727, '70 Bartillon Lane', 'Rochester', 'New York', 14614, 'Stephani', 'Reed', 'sreedk6@taobao.com', '1999-08-22', '585-925-6430')
,(728, '2 3rd Road', 'Stockton', 'California', 95210, 'Melisandra', 'Muncie', 'mmunciek7@nymag.com', '1964-04-26', '209-876-3522')
,(729, '91 Carpenter Place', 'Naples', 'Florida', 33963, 'Tris', 'Brightman', 'tbrightmank8@mashable.com', '1999-09-03', '239-623-3429')
,(730, '09333 Miller Way', 'Evansville', 'Indiana', 47705, 'Jamal', 'Dancy', 'jdancyk9@washington.edu', '1989-09-29', '812-259-4961')
,(731, '068 Debra Court', 'Syracuse', 'New York', 13251, 'Melva', 'Vakhrushin', 'mvakhrushinka@va.gov', '2004-05-10', '315-319-7616')
,(732, '46608 Lien Point', 'Miami', 'Florida', 33142, 'Barbabra', 'Reinhart', 'breinhartkb@fastcompany.com', '1975-04-01', '954-662-9546')
,(733, '18907 Talmadge Alley', 'Kansas City', 'Missouri', 64153, 'Rachael', 'Auten', 'rautenkc@arstechnica.com', '1953-08-25', '816-354-7280')
,(734, '4311 La Follette Crossing', 'Fort Wayne', 'Indiana', 46896, 'Maximilien', 'Charker', 'mcharkerkd@nhs.uk', '2004-11-15', '260-746-6935')
,(735, '048 Independence Street', 'Bradenton', 'Florida', 34282, 'Marna', 'Hunnicutt', 'mhunnicuttke@accuweather.com', '2004-05-17', '941-923-4390')
,(736, '389 Forest Way', 'Temple', 'Texas', 76505, 'Catlee', 'Heasley', 'cheasleykf@dion.ne.jp', '1969-12-06', '254-455-8802')
,(737, '987 Sutteridge Alley', 'Miami', 'Florida', 33169, 'Lambert', 'Trowell', 'ltrowellkg@craigslist.org', '1950-06-23', '305-991-4434')
,(738, '98 Tomscot Drive', 'Panama City', 'Florida', 32405, 'Timothea', 'Blanque', 'tblanquekh@multiply.com', '2002-08-07', '850-487-7288')
,(739, '11140 Victoria Street', 'El Paso', 'Texas', 88574, 'Jonah', 'Dyerson', 'jdyersonki@wp.com', '1992-02-25', '915-777-2126')
,(740, '2 Barby Park', 'Houston', 'Texas', 77045, 'Nickie', 'Atwool', 'natwoolkj@cornell.edu', '1994-09-17', '713-180-1886')
,(741, '80 Dunning Street', 'Prescott', 'Arizona', 86305, 'Magnum', 'De Matteis', 'mdematteiskk@disqus.com', '1953-08-06', '928-660-6406')
,(742, '1 Evergreen Hill', 'Boise', 'Idaho', 83732, 'Leigha', 'Jowling', 'ljowlingkl@seesaa.net', '1956-09-24', '208-661-7042')
,(743, '008 Mayfield Pass', 'Tampa', 'Florida', 33625, 'Kile', 'Caston', 'kcastonkm@cocolog-nifty.com', '1974-09-02', '727-472-4244')
,(744, '3 Main Drive', 'Oklahoma City', 'Oklahoma', 73173, 'Sophey', 'Kennon', 'skennonkn@ustream.tv', '1969-03-25', '405-833-9450')
,(745, '2 Westend Terrace', 'Gilbert', 'Arizona', 85297, 'Tisha', 'Axford', 'taxfordko@washington.edu', '1979-05-02', '480-693-6967')
,(746, '79105 Doe Crossing Trail', 'Santa Clara', 'California', 95054, 'Sally', 'Adran', 'sadrankp@hud.gov', '1975-09-19', '949-101-2451')
,(747, '9570 Anniversary Park', 'Dallas', 'Texas', 75358, 'Chandler', 'Olekhov', 'colekhovkq@toplist.cz', '1953-11-24', '214-676-4819')
,(748, '0016 Dottie Pass', 'Lafayette', 'Louisiana', 70505, 'Pauletta', 'Wolverson', 'pwolversonkr@forbes.com', '1951-08-29', '337-604-1676')
,(749, '63791 South Parkway', 'Huntsville', 'Texas', 77343, 'Goldi', 'Hadenton', 'ghadentonks@youku.com', '1957-01-07', '936-670-7424')
,(750, '174 Riverside Way', 'Alexandria', 'Virginia', 22301, 'Dinny', 'Sawtell', 'dsawtellkt@umn.edu', '1981-11-13', '202-574-2067')
,(751, '6 Thompson Trail', 'Duluth', 'Georgia', 30096, 'Demetria', 'Binfield', 'dbinfieldku@mozilla.com', '1995-06-25', '404-626-2371')
,(752, '48531 Lakewood Street', 'Inglewood', 'California', 90398, 'Hillary', 'Devereux', 'hdevereuxkv@sphinn.com', '1957-09-01', '310-495-9799')
,(753, '0733 Orin Trail', 'Fayetteville', 'North Carolina', 28305, 'Ced', 'Vearnals', 'cvearnalskw@yahoo.co.jp', '1984-04-24', '910-835-3223')
,(754, '98 Dahle Alley', 'Rochester', 'New York', 14609, 'Cecilio', 'Tolliday', 'ctollidaykx@sitemeter.com', '1979-01-25', '585-541-5708')
,(755, '09 Green Ridge Trail', 'Charlotte', 'North Carolina', 28230, 'Bryna', 'Jarville', 'bjarvilleky@fema.gov', '1945-01-22', '704-173-2876')
,(756, '1468 Village Green Street', 'Metairie', 'Louisiana', 70033, 'Addy', 'Withringten', 'awithringtenkz@mtv.com', '1980-02-06', '504-486-0165')
,(757, '8 Hintze Trail', 'Philadelphia', 'Pennsylvania', 19120, 'Almira', 'Larrat', 'alarratl0@surveymonkey.com', '1949-01-21', '267-724-3681')
,(758, '2432 Buhler Circle', 'South Lake Tahoe', 'California', 96154, 'Neala', 'Rummings', 'nrummingsl1@cnbc.com', '1980-03-11', '530-899-2831')
,(759, '96 Express Street', 'Denver', 'Colorado', 80255, 'Riane', 'Jandera', 'rjanderal2@hugedomains.com', '1950-03-09', '720-873-2336')
,(760, '8451 Sycamore Avenue', 'Minneapolis', 'Minnesota', 55412, 'Claudia', 'Siberry', 'csiberryl3@mit.edu', '1967-07-29', '763-902-5759')
,(761, '43313 Miller Center', 'Sandy', 'Utah', 84093, 'Berna', 'Ricart', 'bricartl4@umn.edu', '1983-12-06', '801-691-0423')
,(762, '232 Pepper Wood Point', 'Houston', 'Texas', 77045, 'Ag', 'Tapping', 'atappingl5@psu.edu', '1989-05-05', '281-968-1561')
,(763, '54 Arapahoe Way', 'Washington', 'District of Columbia', 20436, 'Silvano', 'Hadleigh', 'shadleighl6@linkedin.com', '1959-04-25', '202-986-8816')
,(764, '4 Packers Place', 'Laredo', 'Texas', 78044, 'Franny', 'Edgehill', 'fedgehilll7@gov.uk', '1995-11-14', '956-774-7436')
,(765, '2929 Ludington Street', 'Hartford', 'Connecticut', 6120, 'Hunfredo', 'Mongin', 'hmonginl8@elegantthemes.com', '1963-08-17', '860-657-9893')
,(766, '35 Fisk Avenue', 'Buffalo', 'New York', 14225, 'Stern', 'Lingwood', 'slingwoodl9@csmonitor.com', '1965-07-23', '716-782-1016')
,(767, '9 North Point', 'Chicago', 'Illinois', 60604, 'Phillida', 'Ambrus', 'pambrusla@yahoo.co.jp', '1992-08-05', '773-426-6845')
,(768, '96005 Petterle Place', 'Saint Louis', 'Missouri', 63136, 'Arney', 'Mitcheson', 'amitchesonlb@amazon.com', '1993-12-01', '314-390-6737')
,(769, '85082 Leroy Plaza', 'San Diego', 'California', 92115, 'Cathrine', 'Hinrichs', 'chinrichslc@netlog.com', '1976-04-07', '619-544-0767')
,(770, '88456 Fieldstone Court', 'Louisville', 'Kentucky', 40298, 'Illa', 'Gibling', 'igiblingld@hc360.com', '1990-07-29', '502-278-3344')
,(771, '1800 Pleasure Park', 'Orange', 'California', 92862, 'Sydney', 'Cloy', 'scloyle@wix.com', '1954-07-09', '714-955-3623')
,(772, '5 Banding Junction', 'Billings', 'Montana', 59112, 'Blythe', 'Meriott', 'bmeriottlf@google.es', '1969-08-02', '406-320-3732')
,(773, '098 Johnson Drive', 'Omaha', 'Nebraska', 68164, 'Cara', 'Nurdin', 'cnurdinlg@ucoz.com', '1943-11-05', '402-136-9931')
,(774, '5370 Fremont Parkway', 'Los Angeles', 'California', 90094, 'Davidson', 'Lambot', 'dlambotlh@theatlantic.com', '1995-01-20', '323-303-1610')
,(775, '79 Washington Avenue', 'Killeen', 'Texas', 76544, 'Camellia', 'Towlson', 'ctowlsonli@tumblr.com', '1985-01-09', '254-431-2716')
,(776, '37324 Vermont Point', 'Clearwater', 'Florida', 34629, 'Jobina', 'Treagus', 'jtreaguslj@hibu.com', '1973-02-27', '727-506-1039')
,(777, '249 Union Street', 'Fresno', 'California', 93709, 'Fawn', 'Stoffel', 'fstoffellk@printfriendly.com', '1960-01-02', '559-846-1288')
,(778, '66236 Lillian Street', 'Miami Beach', 'Florida', 33141, 'Reamonn', 'Chanson', 'rchansonll@scribd.com', '1992-11-17', '305-761-5818')
,(779, '6 Village Court', 'San Jose', 'California', 95173, 'Shell', 'Petrushka', 'spetrushkalm@wix.com', '1987-05-26', '408-384-0122')
,(780, '4810 Cardinal Crossing', 'Farmington', 'Michigan', 48335, 'Marillin', 'Gentreau', 'mgentreauln@harvard.edu', '1999-06-15', '248-685-3720')
,(781, '1324 Westerfield Court', 'Cleveland', 'Ohio', 44185, 'Jimmie', 'Peirazzi', 'jpeirazzilo@bing.com', '1954-01-10', '216-693-0377')
,(782, '10138 Kinsman Drive', 'Oklahoma City', 'Oklahoma', 73173, 'Duky', 'Hurran', 'dhurranlp@columbia.edu', '1986-10-05', '405-626-9988')
,(783, '91291 Lakewood Pass', 'Denver', 'Colorado', 80209, 'Web', 'Bradder', 'wbradderlq@dailymail.co.uk', '1962-12-31', '303-305-6836')
,(784, '25 Dexter Point', 'Hagerstown', 'Maryland', 21747, 'Milena', 'Warwicker', 'mwarwickerlr@live.com', '1956-09-05', '240-443-6763')
,(785, '1195 Northfield Plaza', 'Savannah', 'Georgia', 31410, 'Torie', 'Elcy', 'telcyls@accuweather.com', '1965-10-07', '912-563-8881')
,(786, '7395 Buhler Hill', 'Pittsburgh', 'Pennsylvania', 15261, 'Darin', 'Mokes', 'dmokeslt@soundcloud.com', '1994-11-12', '412-208-4930')
,(787, '4 Sullivan Street', 'Fort Worth', 'Texas', 76198, 'Joell', 'Guyon', 'jguyonlu@chron.com', '1971-04-18', '682-325-7864')
,(788, '06425 Vahlen Pass', 'Savannah', 'Georgia', 31410, 'Bobbie', 'Mapledoore', 'bmapledoorelv@google.es', '1954-10-08', '912-694-3275')
,(789, '49397 Prairieview Avenue', 'New Haven', 'Connecticut', 6505, 'Darell', 'Sheber', 'dsheberlw@fotki.com', '1964-09-10', '203-930-1191')
,(790, '30 Waxwing Alley', 'Portland', 'Oregon', 97296, 'Darleen', 'Paffot', 'dpaffotlx@baidu.com', '1995-03-15', '503-166-4734')
,(791, '804 Arapahoe Parkway', 'East Saint Louis', 'Illinois', 62205, 'Ella', 'Daglish', 'edaglishly@163.com', '1963-03-26', '618-848-3234')
,(792, '3 Pine View Pass', 'San Bernardino', 'California', 92415, 'Sergeant', 'Sedwick', 'ssedwicklz@storify.com', '1982-03-05', '909-297-7964')
,(793, '7 Laurel Way', 'Jackson', 'Mississippi', 39296, 'Beulah', 'Petken', 'bpetkenm0@ycombinator.com', '1987-02-28', '601-702-0687')
,(794, '53 Westerfield Plaza', 'Plano', 'Texas', 75074, 'Erik', 'Tregensoe', 'etregensoem1@xing.com', '1945-12-07', '469-531-7359')
,(795, '0967 Briar Crest Hill', 'Dallas', 'Texas', 75265, 'Keriann', 'Mc Ilwrick', 'kmcilwrickm2@dailymotion.com', '1953-03-12', '214-189-8321')
,(796, '78453 Rieder Drive', 'Milwaukee', 'Wisconsin', 53234, 'Ki', 'Klaas', 'kklaasm3@loc.gov', '1955-04-03', '414-671-8292')
,(797, '20961 Ohio Junction', 'Shawnee Mission', 'Kansas', 66225, 'Jesse', 'de Keep', 'jdekeepm4@samsung.com', '1970-06-20', '913-335-6482')
,(798, '6420 Northfield Alley', 'Trenton', 'New Jersey', 8638, 'Prudi', 'Dibnah', 'pdibnahm5@hubpages.com', '1990-09-02', '609-566-6050')
,(799, '8 Sunfield Parkway', 'Richmond', 'Virginia', 23272, 'Matt', 'Oller', 'mollerm6@admin.ch', '1943-10-23', '804-727-5135')
,(800, '53594 Schiller Court', 'Concord', 'California', 94522, 'Leslie', 'Weildish', 'lweildishm7@thetimes.co.uk', '2001-03-18', '925-743-3754')
,(801, '95 Springs Park', 'North Little Rock', 'Arkansas', 72199, 'Tybalt', 'Salvadori', 'tsalvadorim8@adobe.com', '1972-01-10', '501-477-8071')
,(802, '464 Sunnyside Parkway', 'El Paso', 'Texas', 88535, 'Mamie', 'Kitman', 'mkitmanm9@bigcartel.com', '1946-12-17', '915-345-4226')
,(803, '3 Heffernan Point', 'Norfolk', 'Virginia', 23514, 'Brigitte', 'Dunnet', 'bdunnetma@sciencedaily.com', '1974-01-23', '757-263-6658')
,(804, '0829 Knutson Alley', 'Oklahoma City', 'Oklahoma', 73147, 'Stuart', 'Oakhill', 'soakhillmb@a8.net', '1961-09-02', '405-736-2078')
,(805, '7 Artisan Crossing', 'New Orleans', 'Louisiana', 70165, 'Madonna', 'Kitchenham', 'mkitchenhammc@bizjournals.com', '1993-07-19', '504-639-1273')
,(806, '6673 Fallview Crossing', 'Daytona Beach', 'Florida', 32123, 'Carey', 'Loidl', 'cloidlmd@webeden.co.uk', '2003-05-13', '386-835-7613')
,(807, '8172 Claremont Circle', 'Dallas', 'Texas', 75310, 'Aili', 'Fiske', 'afiskeme@geocities.com', '1955-10-14', '214-553-6931')
,(808, '0 Main Street', 'Charleston', 'West Virginia', 25336, 'Arlene', 'Spray', 'aspraymf@pen.io', '1976-06-05', '304-819-9045')
,(809, '8843 Homewood Point', 'Loretto', 'Minnesota', 55598, 'Dari', 'Pywell', 'dpywellmg@canalblog.com', '1957-01-02', '763-694-0471')
,(810, '915 Waxwing Junction', 'Boise', 'Idaho', 83716, 'Romeo', 'Streeten', 'rstreetenmh@exblog.jp', '1995-08-10', '208-322-4956')
,(811, '7942 Grim Hill', 'Charlotte', 'North Carolina', 28299, 'Devan', 'Dashwood', 'ddashwoodmi@un.org', '1983-09-08', '704-701-9617')
,(812, '17428 Anhalt Trail', 'Greensboro', 'North Carolina', 27409, 'Ximenes', 'Pestricke', 'xpestrickemj@wikimedia.org', '1982-12-07', '336-520-9084')
,(813, '95 Tony Plaza', 'Lafayette', 'Louisiana', 70593, 'Issie', 'Ambrus', 'iambrusmk@who.int', '1954-02-20', '337-544-4110')
,(814, '6 Namekagon Circle', 'Baltimore', 'Maryland', 21290, 'Veriee', 'Jahndel', 'vjahndelml@ow.ly', '1953-07-29', '410-437-1037')
,(815, '51 Graedel Court', 'Winston Salem', 'North Carolina', 27150, 'Barri', 'Guttridge', 'bguttridgemm@paginegialle.it', '1984-02-19', '336-183-6401')
,(816, '10 Warbler Crossing', 'Boston', 'Massachusetts', 2104, 'Boone', 'Duham', 'bduhammn@sina.com.cn', '1974-12-18', '318-178-8868')
,(817, '66 Killdeer Pass', 'Houston', 'Texas', 77250, 'Coraline', 'Rable', 'crablemo@typepad.com', '1966-08-07', '713-127-2176')
,(818, '021 Florence Lane', 'Bakersfield', 'California', 93381, 'Klaus', 'Bedingfield', 'kbedingfieldmp@diigo.com', '1963-06-18', '661-924-6419')
,(819, '03997 Lakewood Gardens Avenue', 'Washington', 'District of Columbia', 20244, 'Erskine', 'Forth', 'eforthmq@dot.gov', '1967-04-23', '202-419-8803')
,(820, '513 Mesta Junction', 'Austin', 'Texas', 78715, 'Catherina', 'Creffield', 'ccreffieldmr@aol.com', '1994-02-08', '512-461-2153')
,(821, '7146 Moulton Point', 'Washington', 'District of Columbia', 20078, 'Ronnie', 'Scutter', 'rscutterms@altervista.org', '1972-10-10', '202-113-8497')
,(822, '7749 Gina Junction', 'Richmond', 'Virginia', 23213, 'Arlan', 'Price', 'apricemt@flavors.me', '1957-12-07', '804-431-9711')
,(823, '261 Raven Hill', 'Washington', 'District of Columbia', 20546, 'Arri', 'McCart', 'amccartmu@ca.gov', '1997-04-15', '202-574-3271')
,(824, '5 Hauk Trail', 'Seattle', 'Washington', 98115, 'Zorana', 'Prazer', 'zprazermv@unc.edu', '1963-03-12', '206-224-1240')
,(825, '9 Graceland Pass', 'Virginia Beach', 'Virginia', 23471, 'Giffy', 'Alenshev', 'galenshevmw@spiegel.de', '1967-04-30', '757-891-1018')
,(826, '904 Elmside Court', 'Greensboro', 'North Carolina', 27455, 'Helena', 'Chisman', 'hchismanmx@etsy.com', '1987-06-16', '336-851-4105')
,(827, '12723 Annamark Hill', 'San Jose', 'California', 95194, 'Nikita', 'Rudeforth', 'nrudeforthmy@posterous.com', '1983-12-01', '408-856-2924')
,(828, '68 Sommers Trail', 'Las Vegas', 'Nevada', 89105, 'Alicea', 'Kingsnorth', 'akingsnorthmz@facebook.com', '1986-01-15', '702-969-8792')
,(829, '3921 Village Avenue', 'Milwaukee', 'Wisconsin', 53263, 'Cord', 'Siebart', 'csiebartn0@macromedia.com', '1970-01-18', '414-691-1752')
,(830, '474 Paget Terrace', 'New York City', 'New York', 10165, 'Magdalen', 'Domanek', 'mdomanekn1@meetup.com', '1951-11-02', '917-957-1616')
,(831, '58122 Briar Crest Street', 'Fort Lauderdale', 'Florida', 33315, 'Darbie', 'Wastling', 'dwastlingn2@wordpress.org', '1945-09-18', '954-564-6290')
,(832, '024 Pawling Way', 'Las Vegas', 'Nevada', 89130, 'Alessandra', 'Meads', 'ameadsn3@ucoz.ru', '2001-05-12', '702-110-5420')
,(833, '8445 Kings Point', 'Riverside', 'California', 92519, 'Olive', 'Piechnik', 'opiechnikn4@gravatar.com', '2004-03-20', '951-184-3969')
,(834, '204 Burning Wood Junction', 'Pompano Beach', 'Florida', 33075, 'Tim', 'Rand', 'trandn5@jalbum.net', '2002-11-06', '754-529-6135')
,(835, '3 Nelson Junction', 'Honolulu', 'Hawaii', 96815, 'Fairleigh', 'Rickersy', 'frickersyn6@abc.net.au', '1984-12-03', '808-896-7501')
,(836, '4644 Kennedy Trail', 'Huntington', 'West Virginia', 25726, 'Tana', 'Hauch', 'thauchn7@rambler.ru', '1975-09-22', '304-588-9638')
,(837, '19529 Michigan Way', 'Cleveland', 'Ohio', 44105, 'Winne', 'McNaught', 'wmcnaughtn8@g.co', '1950-07-24', '216-586-1731')
,(838, '8526 Tomscot Parkway', 'Wichita', 'Kansas', 67260, 'Sheppard', 'Stillgoe', 'sstillgoen9@163.com', '1970-04-15', '316-554-7605')
,(839, '3 Lawn Drive', 'Houston', 'Texas', 77299, 'Ariel', 'Denyakin', 'adenyakinna@cdbaby.com', '1960-03-08', '713-102-3990')
,(840, '88534 Loomis Crossing', 'Fayetteville', 'North Carolina', 28305, 'Rabi', 'Sayce', 'rsaycenb@bandcamp.com', '1988-04-15', '910-323-9064')
,(841, '41 Sloan Point', 'Macon', 'Georgia', 31217, 'Reyna', 'Covil', 'rcovilnc@latimes.com', '1962-04-04', '912-819-3936')
,(842, '032 Eastwood Road', 'Saint Paul', 'Minnesota', 55172, 'Everett', 'Harflete', 'eharfletend@elpais.com', '1946-04-17', '651-911-9780')
,(843, '8139 Ruskin Lane', 'Minneapolis', 'Minnesota', 55487, 'Ramsay', 'Bothbie', 'rbothbiene@cnbc.com', '1997-06-08', '612-386-3755')
,(844, '9 Washington Place', 'Hialeah', 'Florida', 33013, 'Arlena', 'Birk', 'abirknf@ow.ly', '1966-12-17', '305-881-9344')
,(845, '30912 Spaight Pass', 'Miami', 'Florida', 33158, 'Sharla', 'Greest', 'sgreestng@naver.com', '1954-08-29', '305-377-6689')
,(846, '35811 Rowland Hill', 'Saint Paul', 'Minnesota', 55166, 'Ailee', 'Bougourd', 'abougourdnh@google.fr', '1995-12-17', '651-768-6871')
,(847, '6 Farmco Point', 'Jacksonville', 'Florida', 32230, 'Gare', 'Ithell', 'githellni@oracle.com', '1997-07-01', '904-859-4866')
,(848, '9 Buena Vista Trail', 'Sacramento', 'California', 94237, 'Alec', 'Martynka', 'amartynkanj@icq.com', '1947-10-30', '916-206-6388')
,(849, '393 Brown Point', 'Portland', 'Oregon', 97229, 'Tonia', 'Spurdens', 'tspurdensnk@delicious.com', '1971-10-21', '971-800-2840')
,(850, '6 Delaware Park', 'Pensacola', 'Florida', 32526, 'Riordan', 'Waterfield', 'rwaterfieldnl@dailymotion.com', '1979-03-05', '850-114-6024')
,(851, '89768 Ruskin Pass', 'Lancaster', 'California', 93584, 'Mildrid', 'Prime', 'mprimenm@berkeley.edu', '1981-05-22', '661-434-5836')
,(852, '5931 Lawn Parkway', 'Providence', 'Rhode Island', 2912, 'Alexa', 'Mayor', 'amayornn@is.gd', '1973-09-12', '401-307-9615')
,(853, '20 Texas Avenue', 'Crawfordsville', 'Indiana', 47937, 'Vonny', 'Harrild', 'vharrildno@guardian.co.uk', '1986-06-26', '765-338-2123')
,(854, '0 Oakridge Plaza', 'Eugene', 'Oregon', 97405, 'Prinz', 'Ogle', 'poglenp@tinyurl.com', '1968-06-11', '541-697-5280')
,(855, '878 Bay Circle', 'Knoxville', 'Tennessee', 37919, 'Arvie', 'Diggar', 'adiggarnq@weebly.com', '1975-12-01', '865-111-2017')
,(856, '25 Morrow Terrace', 'South Bend', 'Indiana', 46620, 'Reginauld', 'Millgate', 'rmillgatenr@earthlink.net', '1949-07-08', '574-388-1677')
,(857, '18193 Sauthoff Pass', 'Beaumont', 'Texas', 77705, 'Nappy', 'Kingsworth', 'nkingsworthns@sogou.com', '1992-01-22', '936-890-5532')
,(858, '1 Mandrake Park', 'Oklahoma City', 'Oklahoma', 73197, 'Julienne', 'Muxworthy', 'jmuxworthynt@rakuten.co.jp', '1946-08-12', '405-790-0828')
,(859, '04603 Ryan Circle', 'Houston', 'Texas', 77035, 'Junina', 'Dubose', 'jdubosenu@shareasale.com', '1957-07-16', '713-841-3765')
,(860, '20206 Bluestem Point', 'Charlotte', 'North Carolina', 28299, 'Paten', 'Bolf', 'pbolfnv@fastcompany.com', '1958-03-26', '704-707-2630')
,(861, '8 Glendale Lane', 'Salt Lake City', 'Utah', 84152, 'Tobias', 'Curteis', 'tcurteisnw@ycombinator.com', '1971-09-21', '801-834-8671')
,(862, '02752 Commercial Street', 'Washington', 'District of Columbia', 20442, 'Noland', 'Peaddie', 'npeaddienx@eepurl.com', '1955-08-27', '202-639-2079')
,(863, '49 Golf Course Street', 'Jeffersonville', 'Indiana', 47134, 'Susi', 'Luton', 'slutonny@icq.com', '1983-05-19', '812-107-8278')
,(864, '51 Brickson Park Lane', 'Seattle', 'Washington', 98148, 'Aurelia', 'Moreing', 'amoreingnz@mail.ru', '1968-01-25', '253-983-7312')
,(865, '56546 Fair Oaks Point', 'Philadelphia', 'Pennsylvania', 19131, 'Ruthi', 'Farncomb', 'rfarncombo0@sfgate.com', '2001-05-02', '215-875-5576')
,(866, '27 Debra Lane', 'Harrisburg', 'Pennsylvania', 17126, 'Ileane', 'Parsons', 'iparsonso1@hubpages.com', '1979-12-30', '717-811-8990')
,(867, '78915 Arrowood Trail', 'Tulsa', 'Oklahoma', 74193, 'Mikael', 'Mickleborough', 'mmickleborougho2@icio.us', '1964-02-09', '918-409-2069')
,(868, '48867 Leroy Junction', 'Everett', 'Washington', 98206, 'Alfreda', 'Heibel', 'aheibelo3@newsvine.com', '1971-04-03', '425-763-8810')
,(869, '9975 Talisman Point', 'Washington', 'District of Columbia', 20310, 'Tiff', 'Hollerin', 'thollerino4@biglobe.ne.jp', '1989-11-24', '202-779-9994')
,(870, '29 Londonderry Trail', 'Evansville', 'Indiana', 47712, 'Cosetta', 'Bagge', 'cbaggeo5@patch.com', '1960-07-01', '812-440-2971')
,(871, '893 Schmedeman Lane', 'Van Nuys', 'California', 91499, 'Omero', 'Bottomer', 'obottomero6@jimdo.com', '1976-03-18', '213-289-4371')
,(872, '38 Arizona Way', 'Huntington', 'West Virginia', 25726, 'Ursala', 'Gribbin', 'ugribbino7@msn.com', '2000-05-18', '304-273-6290')
,(873, '0 Declaration Court', 'Sacramento', 'California', 94297, 'Bellina', 'Hurlin', 'bhurlino8@hp.com', '1973-05-14', '916-145-4953')
,(874, '21044 Buena Vista Place', 'Humble', 'Texas', 77346, 'Penelope', 'Rooper', 'proopero9@utexas.edu', '1949-01-06', '713-405-4300')
,(875, '5218 Comanche Avenue', 'Washington', 'District of Columbia', 20591, 'Simonne', 'Dancy', 'sdancyoa@histats.com', '1946-09-04', '202-215-9791')
,(876, '7648 Lakewood Terrace', 'Mesquite', 'Texas', 75185, 'Marielle', 'Wyss', 'mwyssob@newsvine.com', '1961-07-15', '214-502-5980')
,(877, '35 Victoria Center', 'Pensacola', 'Florida', 32511, 'Lilli', 'Tickle', 'ltickleoc@amazon.co.jp', '1998-01-17', '850-834-7574')
,(878, '52 Leroy Plaza', 'Dallas', 'Texas', 75260, 'Gunilla', 'Salter', 'gsalterod@domainmarket.com', '1972-08-15', '214-185-0827')
,(879, '4 Spaight Road', 'Houston', 'Texas', 77010, 'Heidie', 'Kentwell', 'hkentwelloe@i2i.jp', '1965-12-07', '713-603-0061')
,(880, '21246 8th Parkway', 'Miami', 'Florida', 33190, 'Erroll', 'Watsham', 'ewatshamof@comcast.net', '2003-03-14', '786-383-4503')
,(881, '7 Fremont Road', 'Roanoke', 'Virginia', 24024, 'Chandler', 'McNirlan', 'cmcnirlanog@pen.io', '1964-10-27', '540-487-4376')
,(882, '7 Gateway Point', 'Detroit', 'Michigan', 48295, 'Catlin', 'Lyst', 'clystoh@eepurl.com', '1973-02-08', '313-304-5180')
,(883, '40217 Moose Pass', 'Atlanta', 'Georgia', 30343, 'Shirl', 'Jeenes', 'sjeenesoi@homestead.com', '1969-05-22', '404-414-2666')
,(884, '14 Sutteridge Crossing', 'Tampa', 'Florida', 33661, 'Ario', 'Gateshill', 'agateshilloj@va.gov', '1950-05-17', '813-598-6528')
,(885, '1 Esker Junction', 'Austin', 'Texas', 78744, 'Marcella', 'Lebell', 'mlebellok@unesco.org', '1958-02-28', '512-694-8022')
,(886, '1 Ridge Oak Center', 'Honolulu', 'Hawaii', 96805, 'Brenn', 'Lamacraft', 'blamacraftol@123-reg.co.uk', '1994-03-02', '808-794-9944')
,(887, '5960 Bay Hill', 'Durham', 'North Carolina', 27705, 'Kaleena', 'Waltho', 'kwalthoom@xing.com', '2003-12-21', '434-408-8729')
,(888, '135 Rieder Junction', 'Pittsburgh', 'Pennsylvania', 15240, 'Lexie', 'Almond', 'lalmondon@yellowbook.com', '1962-10-03', '412-920-5472')
,(889, '4574 3rd Pass', 'Charleston', 'South Carolina', 29424, 'Kittie', 'Killingbeck', 'kkillingbeckoo@is.gd', '1993-12-31', '843-747-9956')
,(890, '51 Merchant Lane', 'Naples', 'Florida', 34108, 'Gradey', 'Battisson', 'gbattissonop@ycombinator.com', '1967-08-23', '941-703-1507')
,(891, '2246 Maywood Center', 'Roanoke', 'Virginia', 24004, 'Keefe', 'Tilliards', 'ktilliardsoq@icq.com', '1998-11-30', '540-152-4546')
,(892, '0886 Bashford Road', 'Gainesville', 'Florida', 32610, 'Kelley', 'Whiskin', 'kwhiskinor@a8.net', '1959-01-05', '352-843-7368')
,(893, '83 Roxbury Alley', 'Round Rock', 'Texas', 78682, 'Kippy', 'Ortas', 'kortasos@smh.com.au', '1943-10-28', '512-958-3097')
,(894, '817 Blaine Junction', 'Carol Stream', 'Illinois', 60351, 'Verney', 'Sexon', 'vsexonot@zimbio.com', '1990-03-26', '309-239-2701')
,(895, '5850 Mccormick Crossing', 'Rochester', 'New York', 14604, 'Marney', 'Scurrell', 'mscurrellou@woothemes.com', '1964-10-13', '585-554-9094')
,(896, '352 Farwell Crossing', 'Santa Barbara', 'California', 93106, 'Aeriela', 'Wagon', 'awagonov@dyndns.org', '1947-11-14', '805-639-1153')
,(897, '6899 Thackeray Alley', 'Duluth', 'Georgia', 30195, 'Gwenni', 'Sawtell', 'gsawtellow@spiegel.de', '1974-07-07', '770-223-1956')
,(898, '24 Melvin Plaza', 'Portland', 'Oregon', 97206, 'Shandeigh', 'Thurstan', 'sthurstanox@walmart.com', '1959-10-11', '503-413-7566')
,(899, '415 Thackeray Terrace', 'Hagerstown', 'Maryland', 21747, 'Osborn', 'Giffen', 'ogiffenoy@chronoengine.com', '1953-02-14', '240-317-2305')
,(900, '5160 Declaration Place', 'Greensboro', 'North Carolina', 27415, 'Lalo', 'Grigaut', 'lgrigautoz@blogger.com', '1973-02-18', '336-524-7220')
,(901, '4014 Heath Street', 'Fort Wayne', 'Indiana', 46805, 'Brigham', 'Mottley', 'bmottleyp0@unicef.org', '1952-06-27', '260-381-3696')
,(902, '8049 Homewood Junction', 'New York City', 'New York', 10275, 'Bondon', 'Neissen', 'bneissenp1@g.co', '1951-04-28', '212-497-1458')
,(903, '5435 Almo Center', 'Huntington', 'West Virginia', 25775, 'Johnathan', 'Kobel', 'jkobelp2@gnu.org', '2001-06-09', '304-410-3912')
,(904, '3970 Twin Pines Crossing', 'Albuquerque', 'New Mexico', 87105, 'Gretta', 'Mitchelmore', 'gmitchelmorep3@clickbank.net', '1960-10-05', '505-839-5576')
,(905, '7865 Morningstar Parkway', 'Allentown', 'Pennsylvania', 18105, 'Blondy', 'Harriskine', 'bharriskinep4@ocn.ne.jp', '1984-09-03', '610-692-1883')
,(906, '84 Golden Leaf Circle', 'Colorado Springs', 'Colorado', 80920, 'Lib', 'Geraudy', 'lgeraudyp5@sun.com', '1951-05-16', '719-897-6658')
,(907, '2 Dovetail Pass', 'Washington', 'District of Columbia', 20535, 'Berty', 'Kilbane', 'bkilbanep6@wikispaces.com', '1970-05-20', '202-474-1249')
,(908, '20 Paget Place', 'Philadelphia', 'Pennsylvania', 19109, 'Ayn', 'Vasyanin', 'avasyaninp7@cloudflare.com', '1988-05-08', '215-588-8065')
,(909, '90430 Quincy Junction', 'Las Vegas', 'Nevada', 89130, 'Yoko', 'Mathwin', 'ymathwinp8@ebay.co.uk', '1946-09-11', '702-678-3008')
,(910, '1597 Surrey Street', 'Saint Paul', 'Minnesota', 55188, 'Cate', 'Rojas', 'crojasp9@creativecommons.org', '1950-10-03', '651-436-3993')
,(911, '85 Fair Oaks Terrace', 'Springfield', 'Illinois', 62718, 'Sallyann', 'Lumpkin', 'slumpkinpa@un.org', '1962-01-14', '217-190-5918')
,(912, '21864 Schurz Way', 'Baton Rouge', 'Louisiana', 70810, 'Goddart', 'Sleightholme', 'gsleightholmepb@goo.ne.jp', '1978-11-03', '225-405-2822')
,(913, '833 Ridge Oak Alley', 'Sacramento', 'California', 94230, 'Doralynne', 'Wavish', 'dwavishpc@odnoklassniki.ru', '2003-12-08', '916-505-4842')
,(914, '0 Springs Court', 'Little Rock', 'Arkansas', 72231, 'Kary', 'Risebarer', 'krisebarerpd@lulu.com', '1971-09-06', '501-162-8929')
,(915, '57 Ridgeview Junction', 'Longview', 'Texas', 75605, 'Eachelle', 'Karolczyk', 'ekarolczykpe@nymag.com', '1958-07-07', '903-244-9966')
,(916, '51711 Oak Valley Court', 'Orlando', 'Florida', 32808, 'Tatum', 'Boylund', 'tboylundpf@state.tx.us', '1951-05-28', '407-552-7505')
,(917, '113 Sugar Hill', 'San Diego', 'California', 92127, 'Doyle', 'McKinley', 'dmckinleypg@hud.gov', '1999-05-16', '619-922-4816')
,(918, '7676 Truax Center', 'Houston', 'Texas', 77260, 'Phylis', 'Meijer', 'pmeijerph@parallels.com', '1967-12-12', '713-543-1854')
,(919, '3 Hanson Alley', 'New York City', 'New York', 10024, 'Carmine', 'Warrington', 'cwarringtonpi@addthis.com', '1962-04-10', '646-319-7771')
,(920, '00 Valley Edge Center', 'Brooklyn', 'New York', 11225, 'Odille', 'Shankland', 'oshanklandpj@weebly.com', '1959-06-28', '718-520-8535')
,(921, '6867 Elgar Point', 'New Haven', 'Connecticut', 6505, 'Bunni', 'Pinnell', 'bpinnellpk@sphinn.com', '1997-09-18', '203-108-0937')
,(922, '87 Riverside Plaza', 'Arlington', 'Virginia', 22212, 'Tyler', 'Childers', 'tchilderspl@blinklist.com', '1944-03-17', '571-634-0934')
,(923, '07379 Burning Wood Hill', 'Huntington', 'West Virginia', 25705, 'Aubry', 'Artingstall', 'aartingstallpm@meetup.com', '1984-02-10', '304-389-6018')
,(924, '45726 Vernon Street', 'Jamaica', 'New York', 11431, 'Fredra', 'Lochet', 'flochetpn@php.net', '2002-05-14', '212-177-4504')
,(925, '19 Karstens Circle', 'Pueblo', 'Colorado', 81005, 'Emmott', 'Thorndycraft', 'ethorndycraftpo@bloglovin.com', '1960-07-14', '719-870-8492')
,(926, '374 Blackbird Alley', 'Los Angeles', 'California', 90076, 'Natty', 'Martschik', 'nmartschikpp@google.es', '1953-05-23', '323-179-1504')
,(927, '004 Pepper Wood Court', 'Pensacola', 'Florida', 32511, 'Minta', 'Robilart', 'mrobilartpq@sciencedirect.com', '1951-10-26', '850-487-4737')
,(928, '13284 Dexter Plaza', 'Fort Lauderdale', 'Florida', 33345, 'Tabor', 'Forrest', 'tforrestpr@usnews.com', '1994-02-16', '754-246-6219')
,(929, '9254 Esker Terrace', 'Macon', 'Georgia', 31210, 'Sallie', 'Coverley', 'scoverleyps@about.me', '1972-06-12', '478-214-3907')
,(930, '78011 Northland Pass', 'Saint Louis', 'Missouri', 63131, 'Roxana', 'Stellino', 'rstellinopt@discuz.net', '1982-08-25', '314-805-1487')
,(931, '34740 Northview Crossing', 'Simi Valley', 'California', 93094, 'Elbertina', 'McGuff', 'emcguffpu@vimeo.com', '1966-12-30', '805-149-8895')
,(932, '4473 Upham Alley', 'Wichita', 'Kansas', 67260, 'Dud', 'Bennie', 'dbenniepv@nytimes.com', '1991-06-15', '316-972-2240')
,(933, '9 Sunbrook Street', 'Dallas', 'Texas', 75216, 'Foss', 'Dunkerton', 'fdunkertonpw@163.com', '1973-04-11', '214-526-5310')
,(934, '7255 Crest Line Center', 'El Paso', 'Texas', 79977, 'Bond', 'Girardey', 'bgirardeypx@reddit.com', '1999-03-13', '915-977-9887')
,(935, '15657 Linden Road', 'Seattle', 'Washington', 98140, 'Eden', 'Willowby', 'ewillowbypy@smugmug.com', '2003-10-23', '425-568-0748')
,(936, '5 Badeau Avenue', 'San Diego', 'California', 92196, 'Cariotta', 'Dahle', 'cdahlepz@newyorker.com', '1976-08-20', '619-846-6501')
,(937, '27 Boyd Way', 'Anderson', 'South Carolina', 29625, 'Maggy', 'Ackwood', 'mackwoodq0@zimbio.com', '1992-12-27', '864-771-4069')
,(938, '1272 Del Sol Plaza', 'Cincinnati', 'Ohio', 45213, 'Tucky', 'Lamburn', 'tlamburnq1@posterous.com', '1944-06-19', '513-791-6926')
,(939, '624 Rutledge Trail', 'Houston', 'Texas', 77206, 'Byrom', 'Campa', 'bcampaq2@nhs.uk', '1948-12-13', '713-697-5887')
,(940, '875 Caliangt Drive', 'Cumming', 'Georgia', 30130, 'Barty', 'Carvilla', 'bcarvillaq3@ustream.tv', '1987-11-02', '706-714-7993')
,(941, '06802 Armistice Trail', 'Tuscaloosa', 'Alabama', 35487, 'Max', 'Frarey', 'mfrareyq4@example.com', '1974-02-26', '205-572-2741')
,(942, '7 Packers Alley', 'Austin', 'Texas', 78764, 'Lonni', 'Fetherston', 'lfetherstonq5@usgs.gov', '1972-08-10', '512-709-1714')
,(943, '5724 Ronald Regan Street', 'Alhambra', 'California', 91841, 'Damian', 'Burgoyne', 'dburgoyneq6@webmd.com', '1964-02-08', '626-278-2348')
,(944, '12 Eagle Crest Lane', 'Saint Petersburg', 'Florida', 33715, 'Nance', 'De Cleen', 'ndecleenq7@studiopress.com', '1995-10-14', '727-387-7566')
,(945, '0394 Northridge Court', 'Oklahoma City', 'Oklahoma', 73135, 'Tiena', 'Deftie', 'tdeftieq8@techcrunch.com', '1980-06-05', '405-166-3578')
,(946, '4 Grover Lane', 'Torrance', 'California', 90510, 'Lonnie', 'Dwelly', 'ldwellyq9@sphinn.com', '1991-11-13', '818-414-0961')
,(947, '59 Kings Place', 'Danbury', 'Connecticut', 6816, 'Rosabelle', 'Bedbury', 'rbedburyqa@google.com.br', '1944-12-25', '203-465-9860')
,(948, '284 Buhler Trail', 'Baton Rouge', 'Louisiana', 70826, 'Trenton', 'Spring', 'tspringqb@gov.uk', '1997-05-31', '225-940-6075')
,(949, '3207 Vera Hill', 'Columbia', 'South Carolina', 29220, 'Micky', 'De Few', 'mdefewqc@soundcloud.com', '1964-11-09', '803-258-7672')
,(950, '9833 Southridge Alley', 'Colorado Springs', 'Colorado', 80915, 'Zacharias', 'Bosch', 'zboschqd@marketwatch.com', '1952-06-12', '719-561-7014')
,(951, '9752 Pepper Wood Way', 'Bronx', 'New York', 10454, 'Lenna', 'Waterhouse', 'lwaterhouseqe@reuters.com', '1980-05-25', '718-195-6362')
,(952, '3631 Division Point', 'Shreveport', 'Louisiana', 71166, 'Hamlen', 'Mott', 'hmottqf@constantcontact.com', '2001-03-17', '318-883-7014')
,(953, '82944 Anderson Point', 'Meridian', 'Mississippi', 39305, 'Merissa', 'Trustrie', 'mtrustrieqg@illinois.edu', '1984-12-31', '601-809-3201')
,(954, '2 Brown Plaza', 'Providence', 'Rhode Island', 2905, 'Lynsey', 'Spinney', 'lspinneyqh@usda.gov', '1972-03-17', '401-896-0657')
,(955, '085 Eagle Crest Court', 'Portsmouth', 'New Hampshire', 3804, 'Brynne', 'Bradberry', 'bbradberryqi@dropbox.com', '1965-04-06', '603-612-6247')
,(956, '198 Melrose Road', 'Raleigh', 'North Carolina', 27690, 'Lainey', 'Spry', 'lspryqj@gnu.org', '1989-11-15', '919-562-3326')
,(957, '96087 Macpherson Way', 'Syracuse', 'New York', 13205, 'Caesar', 'Grogor', 'cgrogorqk@webeden.co.uk', '1971-05-20', '315-104-7844')
,(958, '0 Arrowood Center', 'Riverside', 'California', 92513, 'Boony', 'Brimming', 'bbrimmingql@linkedin.com', '1983-02-05', '951-177-0549')
,(959, '35456 Northridge Avenue', 'San Jose', 'California', 95123, 'Tedd', 'Cashen', 'tcashenqm@rakuten.co.jp', '1993-02-22', '408-441-3267')
,(960, '598 Eagan Terrace', 'Minneapolis', 'Minnesota', 55423, 'Addy', 'Idell', 'aidellqn@who.int', '1954-11-10', '612-511-5373')
,(961, '3510 Vernon Avenue', 'Jacksonville', 'Florida', 32244, 'Misty', 'Rusk', 'mruskqo@storify.com', '1983-07-31', '904-523-3645')
,(962, '7 Longview Alley', 'Santa Barbara', 'California', 93111, 'Logan', 'MacCook', 'lmaccookqp@canalblog.com', '1970-06-21', '702-399-6204')
,(963, '4 Menomonie Park', 'Dallas', 'Texas', 75277, 'Dorise', 'Rodger', 'drodgerqq@wix.com', '1961-10-20', '214-860-5433')
,(964, '2 Ruskin Drive', 'Cleveland', 'Ohio', 44130, 'Darrin', 'Cookley', 'dcookleyqr@archive.org', '1956-10-18', '216-296-3752')
,(965, '69 Drewry Place', 'Austin', 'Texas', 78744, 'Karole', 'Sigg', 'ksiggqs@bbc.co.uk', '1951-04-19', '361-766-0988')
,(966, '789 Hooker Point', 'Albany', 'Georgia', 31704, 'Alvin', 'Peddersen', 'apeddersenqt@weebly.com', '1983-07-23', '229-631-0011')
,(967, '45 Jay Hill', 'Gastonia', 'North Carolina', 28055, 'Millie', 'Million', 'mmillionqu@unicef.org', '1959-05-08', '704-463-5890')
,(968, '3384 Scoville Lane', 'Long Beach', 'California', 90831, 'Lucila', 'Cochern', 'lcochernqv@nyu.edu', '2002-11-17', '562-212-0443')
,(969, '68 Summit Alley', 'Tampa', 'Florida', 33610, 'Olivero', 'Lowers', 'olowersqw@cloudflare.com', '1974-05-05', '813-345-7011')
,(970, '2734 Mandrake Trail', 'Indianapolis', 'Indiana', 46221, 'Consuela', 'MacArd', 'cmacardqx@huffingtonpost.com', '1961-09-22', '317-436-1404')
,(971, '8164 Quincy Trail', 'Charleston', 'West Virginia', 25313, 'Georgia', 'Denington', 'gdeningtonqy@squidoo.com', '1983-06-04', '304-662-1354')
,(972, '68 Westerfield Place', 'Atlanta', 'Georgia', 30311, 'Robyn', 'Gemelli', 'rgemelliqz@netlog.com', '1964-10-03', '770-992-5948')
,(973, '44989 Stuart Junction', 'Dulles', 'Virginia', 20189, 'Marion', 'MacClancey', 'mmacclanceyr0@bravesites.com', '1943-07-02', '571-487-4251')
,(974, '785 Westport Plaza', 'Fort Worth', 'Texas', 76110, 'Brandais', 'Knyvett', 'bknyvettr1@ifeng.com', '1958-11-10', '817-824-2564')
,(975, '701 Brown Parkway', 'Garland', 'Texas', 75044, 'Fedora', 'Greeno', 'fgreenor2@rambler.ru', '1945-10-23', '214-685-3190')
,(976, '33 Eastwood Terrace', 'Oklahoma City', 'Oklahoma', 73124, 'Maddalena', 'Jirasek', 'mjirasekr3@eepurl.com', '1974-05-17', '405-769-7197')
,(977, '51 Butternut Court', 'Brooklyn', 'New York', 11247, 'Rubetta', 'Sager', 'rsagerr4@google.nl', '1955-05-02', '212-385-5855')
,(978, '24 Killdeer Terrace', 'Independence', 'Missouri', 64054, 'Pinchas', 'Spratt', 'psprattr5@acquirethisname.com', '1969-09-14', '816-589-7471')
,(979, '6 Hazelcrest Crossing', 'Detroit', 'Michigan', 48232, 'Berkly', 'Slate', 'bslater6@nba.com', '1984-10-06', '313-656-0688')
,(980, '0138 Florence Circle', 'Kansas City', 'Kansas', 66160, 'Elicia', 'Tinmouth', 'etinmouthr7@sourceforge.net', '1993-07-06', '913-721-0841')
,(981, '85545 Starling Plaza', 'Danbury', 'Connecticut', 6816, 'Anastassia', 'Cicci', 'aciccir8@fema.gov', '1972-07-12', '203-964-1804')
,(982, '8769 Packers Drive', 'Fort Lauderdale', 'Florida', 33345, 'Micheline', 'Samsonsen', 'msamsonsenr9@mysql.com', '1954-07-09', '754-170-1475')
,(983, '797 Eagle Crest Junction', 'Bronx', 'New York', 10464, 'Simeon', 'Halton', 'shaltonra@mtv.com', '1997-10-23', '914-198-7984')
,(984, '1167 Bellgrove Parkway', 'Portland', 'Oregon', 97211, 'Liesa', 'Cullnean', 'lcullneanrb@forbes.com', '1993-01-02', '208-413-0730')
,(985, '98 Merchant Plaza', 'Rochester', 'New York', 14614, 'Estella', 'Larret', 'elarretrc@mediafire.com', '1967-03-13', '585-570-0270')
,(986, '471 Michigan Point', 'Waco', 'Texas', 76711, 'Delainey', 'Brecknall', 'dbrecknallrd@gizmodo.com', '1959-06-08', '254-621-9235')
,(987, '357 Eagan Pass', 'Dallas', 'Texas', 75265, 'Carissa', 'Ondracek', 'condracekre@homestead.com', '1973-10-02', '214-949-7018')
,(988, '9778 American Ash Hill', 'Toledo', 'Ohio', 43699, 'Stormie', 'Scoggan', 'sscogganrf@psu.edu', '1999-08-16', '419-317-2227')
,(989, '48 Tennyson Court', 'Trenton', 'New Jersey', 8650, 'Alina', 'Panas', 'apanasrg@yandex.ru', '1959-01-21', '609-965-8507')
,(990, '65454 Crownhardt Hill', 'Detroit', 'Michigan', 48267, 'Agnesse', 'Panketh', 'apankethrh@netlog.com', '2001-12-19', '313-268-9370')
,(991, '3 Judy Pass', 'Pueblo', 'Colorado', 81010, 'Melli', 'Geindre', 'mgeindreri@ycombinator.com', '1971-08-28', '719-571-4685')
,(992, '33315 David Terrace', 'New Hyde Park', 'New York', 11044, 'Berte', 'Behling', 'bbehlingrj@smugmug.com', '1952-08-13', '516-724-6355')
,(993, '3689 Swallow Crossing', 'El Paso', 'Texas', 88574, 'Albrecht', 'Havelin', 'ahavelinrk@amazon.co.uk', '1968-02-07', '915-730-0026')
,(994, '7 Esker Crossing', 'Fort Lauderdale', 'Florida', 33345, 'Rick', 'Ciardo', 'rciardorl@github.io', '1943-10-27', '754-509-0988')
,(995, '934 Harbort Place', 'Jacksonville', 'Florida', 32255, 'Justin', 'Duffield', 'jduffieldrm@miibeian.gov.cn', '1953-01-13', '904-986-5939')
,(996, '86171 Bay Road', 'Salt Lake City', 'Utah', 84115, 'Emanuel', 'Caistor', 'ecaistorrn@ca.gov', '1946-10-01', '801-139-4252')
,(997, '57940 4th Court', 'Alexandria', 'Virginia', 22313, 'Dewey', 'Murrells', 'dmurrellsro@t-online.de', '1948-09-10', '571-887-1143')
,(998, '47840 Vera Plaza', 'South Bend', 'Indiana', 46634, 'Roxanne', 'Butterworth', 'rbutterworthrp@skype.com', '1967-07-03', '574-188-4377')
,(999, '95 Stephen Way', 'Austin', 'Texas', 78783, 'Bern', 'Stuke', 'bstukerq@economist.com', '2002-05-20', '512-708-5772')
,(1000, '6720 Basil Point', 'Young America', 'Minnesota', 55564, 'Sancho', 'Garrick', 'sgarrickrr@archive.org', '1958-10-05', '952-828-3047');

INSERT INTO departments(dept_id, name, num_employees) VALUES(1, 'Sales and Marketing', 47)
,(2, 'Finance and Accounting', 21)
,(3, 'Human Resources', 9)
,(4, 'Information Technology', 61)
,(5, 'Procurement and Supplier Management', 39)
,(6, 'Research and Development', 38)
,(7, 'Legal', 8)
,(8, 'Customer Service', 12);

INSERT INTO employees(emp_id, dept_id, salary, ssn, street, city, state, zip_code, join_date, dob, first_name, last_name, primary_email, secondary_email, gender, phone) VALUES(1, 6, 79107.57, 7185690446, '5863 Fallview Pass', 'Brooklyn', 'New York', 11220, '2016-08-31', '1992-02-04', 'Inger', 'Gissop', 'igissop0@state.tx.us', 'igissop0@accuweather.com', 'Female', '850-498-6398')
,(2, 5, 79408.52, 7048958531, '895 Fallview Trail', 'Charlotte', 'North Carolina', 28235, '2019-09-22', '1995-10-13', 'Myrle', 'Boules', 'mboules1@cdbaby.com', 'mboules1@digg.com', 'Female', '918-643-3276')
,(3, 8, 63037.88, 2347472000, '90 Hoard Crossing', 'Akron', 'Ohio', 44393, '2022-03-25', '1980-08-07', 'Piper', 'Broxup', 'pbroxup2@nih.gov', 'pbroxup2@last.fm', 'Non-binary', '206-926-6002')
,(4, 4, 49734.44, 6125871437, '6 Dakota Court', 'Minneapolis', 'Minnesota', 55470, '2021-01-21', '1962-02-28', 'Gay', 'Oleszkiewicz', 'goleszkiewicz3@desdev.cn', '', 'Male', '304-923-1118')
,(5, 5, 46171.52, 9172909050, '29 Anzinger Hill', 'Bronx', 'New York', 10464, '2021-03-11', '1997-10-22', 'Gianina', 'Skitterel', 'gskitterel4@seesaa.net', 'gskitterel4@wisc.edu', 'Female', '605-236-1810')
,(6, 6, 23747.31, 4192418917, '12 Loeprich Court', 'Toledo', 'Ohio', 43615, '2020-11-07', '2000-03-20', 'Leona', 'Luna', 'lluna5@mlb.com', 'lluna5@360.cn', 'Female', '651-844-0260')
,(7, 4, 68544.84, 6464344302, '698 Lawn Street', 'Brooklyn', 'New York', 11215, '2021-03-24', '1956-12-26', 'Kristoforo', 'Muldoon', 'kmuldoon6@geocities.com', 'kmuldoon6@purevolume.com', 'Male', '601-917-2418')
,(8, 3, 42668.66, 5015899426, '783 Paget Center', 'Little Rock', 'Arkansas', 72204, '2018-03-01', '1956-08-09', 'Heinrik', 'Brookbank', 'hbrookbank7@dot.gov', '', 'Male', '520-193-0604')
,(9, 4, 57427.81, 8058855618, '19352 Havey Alley', 'Santa Barbara', 'California', 93106, '2015-11-08', '1984-07-24', 'Barnebas', 'Vaughten', 'bvaughten8@usnews.com', 'bvaughten8@ameblo.jp', 'Male', '702-650-8287')
,(10, 5, 71333.35, 6163455172, '911 Monument Center', 'Grand Rapids', 'Michigan', 49544, '2019-01-23', '1998-06-07', 'Lorna', 'Isac', 'lisac9@wikispaces.com', 'lisac9@amazon.co.jp', 'Female', '919-494-0409')
,(11, 5, 74734.47, 5592562782, '5 Anzinger Alley', 'Fresno', 'California', 93762, '2017-02-16', '1999-01-15', 'Daile', 'Woolrich', 'dwoolricha@bloglines.com', 'dwoolricha@ed.gov', 'Female', '318-444-3723')
,(12, 5, 61470.68, 8054069919, '46 Utah Point', 'Santa Barbara', 'California', 93150, '2020-06-30', '1986-07-03', 'Devora', 'Pristnor', 'dpristnorb@hexun.com', 'dpristnorb@illinois.edu', 'Female', '502-921-9986')
,(13, 1, 42799.79, 7148616116, '37163 Trailsway Avenue', 'Huntington Beach', 'California', 92648, '2019-01-30', '1973-03-23', 'Cos', 'Augar', 'caugarc@uol.com.br', 'caugarc@t.co', 'Male', '915-227-9748')
,(14, 1, 85110.35, 3034466002, '5579 Amoth Crossing', 'Boulder', 'Colorado', 80328, '2022-04-05', '1969-03-08', 'Zorana', 'Romaines', 'zromainesd@baidu.com', '', 'Female', '561-646-6355')
,(15, 5, 63094.94, 2134614262, '73127 Maple Wood Alley', 'Los Angeles', 'California', 90081, '2018-01-18', '1970-03-09', 'Udell', 'Mingardo', 'umingardoe@networkadvertising.org', '', 'Male', '251-754-3899')
,(16, 5, 46074.79, 3233987943, '21206 Manley Terrace', 'Los Angeles', 'California', 90020, '2019-06-05', '1986-04-12', 'Cully', 'McFall', 'cmcfallf@nasa.gov', '', 'Male', '804-221-4762')
,(17, 4, 60768.18, 7142252257, '04347 Vernon Terrace', 'Fullerton', 'California', 92835, '2022-03-14', '1983-09-20', 'Hurley', 'Cowdery', 'hcowderyg@altervista.org', 'hcowderyg@cocolog-nifty.com', 'Male', '609-980-8042')
,(18, 3, 66888.18, 3051031903, '279 Thackeray Court', 'Miami Beach', 'Florida', 33141, '2018-10-17', '1959-08-27', 'Meagan', 'Dornan', 'mdornanh@twitpic.com', 'mdornanh@51.la', 'Female', '234-947-4666')
,(19, 4, 59348.33, 2146242029, '7274 Lakewood Road', 'Dallas', 'Texas', 75246, '2019-11-20', '1995-12-08', 'Jena', "O'Shea", 'josheai@rakuten.co.jp', 'josheai@pagesperso-orange.fr', 'Female', '251-143-3022')
,(20, 4, 62303.59, 6174331361, '0 Northview Hill', 'Boston', 'Massachusetts', 2298, '2015-06-16', '1982-02-26', 'Den', 'Kilgannon', 'dkilgannonj@php.net', 'dkilgannonj@state.gov', 'Male', '209-354-1517')
,(21, 4, 75956.46, 9108859441, '6 School Pass', 'Wilmington', 'North Carolina', 28410, '2022-03-06', '1969-12-04', 'Myrtia', 'Tremblot', 'mtremblotk@macromedia.com', 'mtremblotk@sciencedirect.com', 'Female', '260-566-7767')
,(22, 5, 31176.58, 7724657520, '274 Mayfield Parkway', 'Vero Beach', 'Florida', 32969, '2016-09-25', '1980-04-26', 'Leroi', 'Ditchett', 'lditchettl@bbc.co.uk', 'lditchettl@csmonitor.com', 'Male', '916-337-5929')
,(23, 4, 66505.71, 9153336479, '7 Prairie Rose Road', 'El Paso', 'Texas', 88514, '2016-06-20', '1968-07-06', 'Brnaby', 'Linsay', 'blinsaym@gov.uk', 'blinsaym@nature.com', 'Male', '504-128-6934')
,(24, 1, 69648.32, 3093999730, '351 Evergreen Point', 'Bloomington', 'Illinois', 61709, '2022-05-08', '2000-01-31', 'Falito', 'Uzelli', 'fuzellin@t-online.de', '', 'Male', '813-225-4725')
,(25, 7, 59964.44, 2051454959, '152 Eliot Terrace', 'Birmingham', 'Alabama', 35244, '2020-10-21', '1967-03-16', 'Conway', 'Parradice', 'cparradiceo@networksolutions.com', 'cparradiceo@nytimes.com', 'Male', '561-599-1724')
,(26, 6, 44397.12, 7161759541, '79438 Waywood Avenue', 'Buffalo', 'New York', 14233, '2016-06-16', '1958-07-14', 'De witt', 'Heino', 'dheinop@msu.edu', '', 'Male', '916-394-0139')
,(27, 4, 53902.84, 4073441439, '3 Lien Drive', 'Orlando', 'Florida', 32813, '2020-12-15', '1977-02-14', 'Peadar', 'Cardow', 'pcardowq@omniture.com', 'pcardowq@ehow.com', 'Male', '407-344-5044')
,(28, 6, 78435.54, 2024537255, '4 Stuart Court', 'Washington', 'District of Columbia', 20057, '2017-04-11', '1969-01-20', 'Giovanna', 'Garroch', 'ggarrochr@ifeng.com', 'ggarrochr@rambler.ru', 'Female', '213-945-0813')
,(29, 6, 61562.96, 3135510542, '3338 Anniversary Plaza', 'Detroit', 'Michigan', 48232, '2019-02-14', '1962-08-01', 'Elwira', 'Jiru', 'ejirus@yellowpages.com', 'ejirus@blogger.com', 'Female', '850-241-1394')
,(30, 4, 92970.06, 2101964340, '02950 Esch Way', 'San Antonio', 'Texas', 78291, '2017-08-06', '1971-12-15', 'Trey', 'Reijmers', 'treijmerst@economist.com', 'treijmerst@ow.ly', 'Genderfluid', '760-592-0448')
,(31, 4, 58690.67, 6075256743, '2790 Waxwing Road', 'Elmira', 'New York', 14905, '2018-12-02', '1966-08-28', 'Wilmer', 'Aldine', 'waldineu@npr.org', 'waldineu@bloglovin.com', 'Male', '724-676-2064')
,(32, 4, 43583.35, 9706898317, '89 Saint Paul Point', 'Greeley', 'Colorado', 80638, '2019-06-16', '1963-08-04', 'Zeb', 'Garcia', 'zgarciav@sitemeter.com', 'zgarciav@woothemes.com', 'Male', '915-523-8363')
,(33, 1, 30780.77, 4199307010, '05740 Lighthouse Bay Point', 'Toledo', 'Ohio', 43610, '2017-10-12', '1967-04-16', 'Mark', 'Kilmurray', 'mkilmurrayw@google.com.hk', '', 'Polygender', '217-768-4740')
,(34, 1, 51492.62, 7275921395, '98 Comanche Terrace', 'Saint Petersburg', 'Florida', 33715, '2019-08-05', '1962-10-17', 'Randy', 'Kach', 'rkachx@fc2.com', 'rkachx@naver.com', 'Female', '512-718-0434')
,(35, 4, 69330.87, 9152680348, '78524 North Point', 'El Paso', 'Texas', 79928, '2020-02-10', '1968-07-09', 'Dewey', 'Lanaway', 'dlanawayy@ibm.com', 'dlanawayy@ebay.com', 'Male', '419-491-0409')
,(36, 5, 85642.7, 5625742917, '1836 Maple Avenue', 'Long Beach', 'California', 90805, '2019-03-06', '1979-02-03', 'Stu', 'Deverson', 'sdeversonz@cmu.edu', 'sdeversonz@senate.gov', 'Non-binary', '419-984-5442')
,(37, 1, 56769.99, 5153982001, '5443 Vermont Hill', 'Des Moines', 'Iowa', 50335, '2020-04-08', '1975-09-22', 'Tallia', 'Micheli', 'tmicheli10@hao123.com', 'tmicheli10@gizmodo.com', 'Female', '513-218-4578')
,(38, 1, 57422.28, 2483367104, '370 Petterle Junction', 'Troy', 'Michigan', 48098, '2019-04-13', '1968-03-20', 'Zechariah', 'Clynman', 'zclynman11@bbb.org', 'zclynman11@youtu.be', 'Genderqueer', '217-586-2918')
,(39, 6, 45651.73, 7164052155, '6375 Morning Point', 'Buffalo', 'New York', 14269, '2020-12-18', '1963-01-27', 'Natividad', 'Leese', 'nleese12@amazon.co.uk', '', 'Genderfluid', '304-562-4282')
,(40, 2, 72319.87, 2517708756, '01 Buhler Terrace', 'Mobile', 'Alabama', 36616, '2022-12-22', '1999-03-03', 'Catie', 'Combe', 'ccombe13@imageshack.us', '', 'Female', '469-607-4112')
,(41, 4, 85434, 9155658022, '9590 Reindahl Junction', 'El Paso', 'Texas', 79977, '2018-10-26', '1994-03-17', 'Darrick', 'Gosnold', 'dgosnold14@google.it', 'dgosnold14@furl.net', 'Male', '215-215-1736')
,(42, 5, 57942.62, 9174533515, '9844 Mccormick Drive', 'New York City', 'New York', 10280, '2020-10-23', '1974-05-25', 'Dirk', 'Chastand', 'dchastand15@devhub.com', 'dchastand15@dagondesign.com', 'Male', '209-879-2687')
,(43, 1, 63225.23, 7279111746, '5621 Hazelcrest Crossing', 'Saint Petersburg', 'Florida', 33710, '2022-06-16', '2001-08-01', 'Astra', 'Odell', 'aodell16@mayoclinic.com', 'aodell16@princeton.edu', 'Female', '515-433-7858')
,(44, 7, 62345.08, 3158555946, '110 Carioca Lane', 'Syracuse', 'New York', 13210, '2021-09-19', '1963-10-19', 'Earle', 'Oliver', 'eoliver17@usgs.gov', 'eoliver17@wordpress.com', 'Male', '209-604-4489')
,(45, 4, 46907.84, 5021935089, '38302 International Center', 'Louisville', 'Kentucky', 40233, '2019-03-27', '1994-10-03', 'Conant', 'Lamkin', 'clamkin18@behance.net', 'clamkin18@wikia.com', 'Male', '720-163-8305')
,(46, 1, 61649.18, 6168930874, '2 Melrose Lane', 'Grand Rapids', 'Michigan', 49560, '2023-03-03', '1989-06-13', 'Terrie', 'Cousens', 'tcousens19@walmart.com', '', 'Female', '772-782-8599')
,(47, 1, 42062.11, 9096060886, '10599 Cambridge Avenue', 'San Bernardino', 'California', 92424, '2022-11-12', '1981-10-03', 'Stephana', 'Yonnie', 'syonnie1a@jugem.jp', 'syonnie1a@parallels.com', 'Female', '615-784-3680')
,(48, 4, 30330.41, 6182270255, '55 Porter Road', 'East Saint Louis', 'Illinois', 62205, '2019-12-30', '2003-09-06', 'Windham', 'Calvie', 'wcalvie1b@msu.edu', 'wcalvie1b@godaddy.com', 'Male', '518-592-5342')
,(49, 1, 49092.97, 3307484649, '7933 Grover Road', 'Akron', 'Ohio', 44305, '2015-08-28', '1985-05-17', 'Randy', 'Trood', 'rtrood1c@paginegialle.it', '', 'Male', '412-400-1927')
,(50, 4, 55428.4, 8084573985, '86454 Grim Street', 'Honolulu', 'Hawaii', 96845, '2021-02-01', '1964-10-24', 'Sean', 'Krimmer', 'skrimmer1d@tamu.edu', 'skrimmer1d@is.gd', 'Male', '651-954-4935')
,(51, 1, 24844.67, 5094921961, '61005 Village Center', 'Spokane', 'Washington', 99260, '2019-02-25', '1980-01-06', 'Sonni', 'Shipway', 'sshipway1e@hibu.com', 'sshipway1e@ftc.gov', 'Female', '253-852-1299')
,(52, 1, 68250.26, 9404540449, '98 Golf View Point', 'Denton', 'Texas', 76205, '2016-05-13', '1996-09-04', 'Mabelle', 'Bowes', 'mbowes1f@nytimes.com', '', 'Female', '616-808-7864')
,(53, 4, 81193.51, 3305054742, '783 Kings Alley', 'Warren', 'Ohio', 44485, '2016-04-06', '1968-11-22', 'Obie', 'Ede', 'oede1g@a8.net', 'oede1g@dion.ne.jp', 'Male', '937-268-0226')
,(54, 4, 47471.27, 5052230149, '8 Carioca Circle', 'Albuquerque', 'New Mexico', 87115, '2018-09-16', '1991-08-04', 'Trenna', 'Ludl', 'tludl1h@163.com', 'tludl1h@cdbaby.com', 'Female', '323-405-0958')
,(55, 4, 40008.94, 5139795341, '3973 Monument Plaza', 'Cincinnati', 'Ohio', 45264, '2016-09-11', '1971-11-09', 'Veriee', 'Foltin', 'vfoltin1i@amazon.com', 'vfoltin1i@dailymail.co.uk', 'Agender', '718-669-9944')
,(56, 6, 70275.5, 6055788897, '68554 Comanche Road', 'Sioux Falls', 'South Dakota', 57188, '2017-03-03', '1969-12-07', 'Cacilie', 'Klimuk', 'cklimuk1j@cbslocal.com', 'cklimuk1j@who.int', 'Female', '704-646-1269')
,(57, 8, 64541.43, 6611917921, '34 Cambridge Avenue', 'Bakersfield', 'California', 93381, '2021-07-06', '2002-05-10', 'Regan', 'Pendrid', 'rpendrid1k@narod.ru', 'rpendrid1k@google.ru', 'Male', '801-630-0930')
,(58, 8, 58071.96, 8054656904, '29706 Huxley Junction', 'San Mateo', 'California', 94405, '2017-12-30', '1965-02-09', 'Selene', 'Crosham', 'scrosham1l@ustream.tv', 'scrosham1l@mapquest.com', 'Genderqueer', '754-604-6288')
,(59, 1, 62388.16, 2153114628, '511 Ramsey Street', 'Philadelphia', 'Pennsylvania', 19160, '2017-06-20', '1993-01-25', 'Giavani', 'Delion', 'gdelion1m@unblog.fr', '', 'Male', '217-795-2978')
,(60, 2, 57818.98, 2812937070, '855 Namekagon Way', 'Houston', 'Texas', 77075, '2018-02-26', '1976-11-07', 'Diahann', 'Pothbury', 'dpothbury1n@bbc.co.uk', 'dpothbury1n@unc.edu', 'Polygender', '361-510-7839')
,(61, 8, 62959.63, 2062110669, '76 Colorado Way', 'Seattle', 'Washington', 98195, '2020-06-09', '1956-01-15', 'Winthrop', 'Abramov', 'wabramov1o@trellian.com', 'wabramov1o@weather.com', 'Male', '714-386-3780')
,(62, 1, 22989.27, 4103976385, '2 Melrose Center', 'Baltimore', 'Maryland', 21229, '2021-03-25', '1964-05-02', 'Wakefield', 'Shrimptone', 'wshrimptone1p@1688.com', 'wshrimptone1p@cnn.com', 'Male', '915-561-0358')
,(63, 6, 64394.66, 5016283490, '66 High Crossing Avenue', 'North Little Rock', 'Arkansas', 72199, '2022-05-14', '1976-11-26', 'Broddy', 'Welbrock', 'bwelbrock1q@pinterest.com', 'bwelbrock1q@nationalgeographic.com', 'Male', '817-297-4893')
,(64, 6, 31713.53, 2024089267, '859 Loeprich Park', 'Washington', 'District of Columbia', 20414, '2022-03-23', '1976-09-18', 'Donnajean', 'Westby', 'dwestby1r@ucsd.edu', '', 'Female', '314-902-8036')
,(65, 2, 81979.23, 9737797271, '9 Surrey Hill', 'Paterson', 'New Jersey', 7505, '2018-06-18', '1993-05-02', 'Willey', 'Bradberry', 'wbradberry1s@adobe.com', 'wbradberry1s@wix.com', 'Male', '571-305-5664')
,(66, 7, 54200.47, 4064738658, '3 Eliot Crossing', 'Missoula', 'Montana', 59806, '2021-10-15', '1987-10-07', 'Griz', 'Guinane', 'gguinane1t@nydailynews.com', 'gguinane1t@geocities.jp', 'Male', '304-957-1552')
,(67, 4, 80958.13, 9074167763, '9 Debra Road', 'Anchorage', 'Alaska', 99599, '2022-08-06', '1957-01-23', 'Orren', 'Teanby', 'oteanby1u@columbia.edu', '', 'Male', '757-870-6952')
,(68, 4, 68671.56, 2816082646, '6 Old Gate Pass', 'Houston', 'Texas', 77050, '2017-08-07', '1991-05-07', 'Inge', 'Dorro', 'idorro1v@eventbrite.com', '', 'Female', '504-925-2700')
,(69, 4, 84892.39, 7572482423, '3023 Kedzie Terrace', 'Chesapeake', 'Virginia', 23324, '2019-10-10', '1967-11-24', 'Bendix', 'Clemintoni', 'bclemintoni1w@gizmodo.com', 'bclemintoni1w@purevolume.com', 'Male', '713-567-6089')
,(70, 1, 56394.02, 7608211563, '1857 Northland Street', 'San Diego', 'California', 92121, '2016-09-06', '1968-04-03', 'Waverley', 'Artz', 'wartz1x@google.ca', 'wartz1x@rakuten.co.jp', 'Male', '904-233-1905')
,(71, 1, 25408.07, 7866909969, '5 Moland Alley', 'Hialeah', 'Florida', 33013, '2018-10-01', '1998-02-28', 'Yuri', 'Vause', 'yvause1y@g.co', 'yvause1y@usnews.com', 'Male', '240-842-1248')
,(72, 1, 42475.76, 8065056474, '23193 Coleman Junction', 'Lubbock', 'Texas', 79415, '2019-01-13', '1994-04-05', 'Pattin', 'Lanfranchi', 'planfranchi1z@slideshare.net', '', 'Male', '202-135-7977')
,(73, 4, 47970.37, 6092861295, '16966 Bluejay Way', 'Trenton', 'New Jersey', 8650, '2023-01-10', '1985-01-14', 'Willey', 'Micka', 'wmicka20@gravatar.com', '', 'Male', '310-214-5014')
,(74, 4, 81261.48, 6191079250, '4 Sycamore Way', 'San Diego', 'California', 92137, '2018-07-18', '1961-09-30', 'Maryjo', 'Brownett', 'mbrownett21@adobe.com', 'mbrownett21@bbc.co.uk', 'Female', '704-374-4830')
,(75, 6, 60974.88, 3035496911, '339 Scott Junction', 'Boulder', 'Colorado', 80310, '2021-02-19', '1991-08-21', 'Torrin', 'Thrower', 'tthrower22@instagram.com', 'tthrower22@dagondesign.com', 'Male', '316-799-5611')
,(76, 5, 48125.58, 9152603895, '10 Sheridan Circle', 'El Paso', 'Texas', 79905, '2020-05-04', '1972-01-16', 'Way', 'Grevel', 'wgrevel23@163.com', 'wgrevel23@slideshare.net', 'Male', '419-987-5537')
,(77, 4, 91014.35, 2102147063, '330 Mayer Park', 'San Antonio', 'Texas', 78210, '2020-03-26', '2000-10-12', 'Trudey', 'Charlotte', 'tcharlotte24@archive.org', '', 'Female', '954-726-2353')
,(78, 1, 41202.08, 5028472524, '80 Buhler Pass', 'Migrate', 'Kentucky', 41905, '2016-07-02', '2003-11-19', 'Aarika', 'Saunton', 'asaunton25@dell.com', 'asaunton25@fc2.com', 'Female', '402-618-6349')
,(79, 5, 72743.94, 7166902168, '7198 Esker Pass', 'Buffalo', 'New York', 14233, '2023-02-13', '1958-03-10', 'Herve', 'Eberts', 'heberts26@pinterest.com', '', 'Male', '512-428-4140')
,(80, 1, 65760.93, 4842486557, '68 Red Cloud Road', 'Bethlehem', 'Pennsylvania', 18018, '2017-08-03', '1972-03-27', 'Alair', 'Stoppe', 'astoppe27@craigslist.org', 'astoppe27@bluehost.com', 'Male', '816-626-0837')
,(81, 4, 78890.04, 7198653312, '5252 Dawn Hill', 'Pueblo', 'Colorado', 81005, '2015-06-11', '1976-09-07', 'Neddy', 'Desesquelle', 'ndesesquelle28@mail.ru', '', 'Male', '478-637-8281')
,(82, 2, 53268.99, 5122155265, '930 Surrey Way', 'Round Rock', 'Texas', 78682, '2017-02-04', '1969-09-30', 'Fredrick', 'Daniaud', 'fdaniaud29@meetup.com', 'fdaniaud29@freewebs.com', 'Male', '203-570-9772')
,(83, 2, 61699.12, 9189130361, '564 Merry Center', 'Tulsa', 'Oklahoma', 74184, '2020-07-11', '1955-12-08', 'Sheffie', 'Lesly', 'slesly2a@last.fm', 'slesly2a@cloudflare.com', 'Male', '314-539-5118')
,(84, 1, 60443.54, 2484306313, '1 Harbort Terrace', 'Farmington', 'Michigan', 48335, '2020-03-15', '1976-01-22', 'Audre', 'Gantlett', 'agantlett2b@google.es', 'agantlett2b@t-online.de', 'Female', '831-153-8104')
,(85, 4, 56022.33, 7144228696, '6813 Buell Avenue', 'Anaheim', 'California', 92825, '2017-10-10', '1990-01-07', 'Waldemar', 'Shute', 'wshute2c@mit.edu', '', 'Male', '508-390-3596')
,(86, 5, 87485.52, 2128142699, '22548 Cascade Way', 'Jamaica', 'New York', 11499, '2022-12-17', '1998-03-29', 'Davidson', 'Gareisr', 'dgareisr2d@jigsy.com', 'dgareisr2d@free.fr', 'Male', '936-113-1656')
,(87, 7, 30256.08, 3185647132, '43 Londonderry Center', 'Boston', 'Massachusetts', 2104, '2021-05-29', '1993-05-16', 'Casi', 'Van de Castele', 'cvandecastele2e@java.com', 'cvandecastele2e@livejournal.com', 'Genderqueer', '508-356-5932')
,(88, 2, 76686.17, 2145163429, '03486 Valley Edge Road', 'Dallas', 'Texas', 75358, '2021-01-28', '1961-01-14', 'Hewitt', 'Priest', 'hpriest2f@wikimedia.org', '', 'Male', '651-911-7198')
,(89, 2, 43092.51, 5159831978, '87 Fordem Hill', 'Des Moines', 'Iowa', 50330, '2018-07-09', '1993-08-29', 'Linn', 'Bigadike', 'lbigadike2g@furl.net', 'lbigadike2g@rediff.com', 'Female', '305-409-6844')
,(90, 3, 55190.05, 9079036638, '1 Everett Lane', 'Anchorage', 'Alaska', 99507, '2016-12-04', '1979-04-02', 'Dilan', 'Brompton', 'dbrompton2h@so-net.ne.jp', '', 'Male', '626-572-7468')
,(91, 4, 86618.2, 3055564326, '4 Grasskamp Circle', 'Miami', 'Florida', 33196, '2017-08-27', '1983-08-31', 'Hadria', 'Redgrave', 'hredgrave2i@dyndns.org', '', 'Female', '513-260-4622')
,(92, 4, 79915.55, 2021498107, '73 Browning Park', 'Washington', 'District of Columbia', 20397, '2022-11-15', '1989-04-21', 'Freemon', 'Childe', 'fchilde2j@storify.com', '', 'Male', '843-287-7082')
,(93, 1, 44348.21, 7065011715, '8 Hansons Drive', 'Columbus', 'Georgia', 31904, '2016-12-17', '1970-09-14', 'Niki', 'Shearsby', 'nshearsby2k@google.de', 'nshearsby2k@pagesperso-orange.fr', 'Male', '303-860-9799')
,(94, 1, 80636.26, 8501021313, '823 Swallow Hill', 'Pensacola', 'Florida', 32595, '2016-10-08', '1984-04-13', 'Launce', 'Trowill', 'ltrowill2l@bluehost.com', 'ltrowill2l@meetup.com', 'Male', '772-514-2853')
,(95, 4, 59899.77, 3147862369, '56819 Waubesa Street', 'Saint Louis', 'Missouri', 63116, '2018-01-26', '1990-08-23', 'Abbey', 'Malloch', 'amalloch2m@sphinn.com', 'amalloch2m@meetup.com', 'Male', '312-565-7000')
,(96, 8, 37155.88, 2068442100, '5 Little Fleur Crossing', 'Seattle', 'Washington', 98115, '2017-09-28', '1966-04-28', 'Mersey', 'Taber', 'mtaber2n@sciencedaily.com', 'mtaber2n@google.ru', 'Female', '402-943-3899')
,(97, 5, 63936.75, 9152179633, '91 Redwing Parkway', 'El Paso', 'Texas', 79923, '2021-12-08', '1961-12-26', 'Domeniga', 'Scrimshire', 'dscrimshire2o@gravatar.com', 'dscrimshire2o@irs.gov', 'Female', '603-454-9440')
,(98, 4, 76485.47, 7203684917, '4 Heath Point', 'Arvada', 'Colorado', 80005, '2023-02-28', '1967-08-25', 'Liane', 'Musson', 'lmusson2p@disqus.com', 'lmusson2p@bloomberg.com', 'Female', '571-979-8642')
,(99, 6, 66723.49, 2029586641, '5 Sutherland Park', 'Washington', 'District of Columbia', 20520, '2020-07-01', '1955-04-20', 'Anna-maria', 'Duffet', 'aduffet2q@behance.net', 'aduffet2q@ameblo.jp', 'Female', '510-329-2668')
,(100, 2, 60334.51, 6077119232, '23785 Arkansas Road', 'Elmira', 'New York', 14905, '2021-04-06', '1969-06-09', 'Sibel', 'Sone', 'ssone2r@blogspot.com', 'ssone2r@dailymail.co.uk', 'Female', '304-332-0884')
,(101, 1, 43565.84, 2532957538, '893 Macpherson Junction', 'Tacoma', 'Washington', 98405, '2019-05-13', '1971-06-29', 'Clemmy', 'Sussex', 'csussex2s@cocolog-nifty.com', 'csussex2s@e-recht24.de', 'Male', '214-142-1239')
,(102, 5, 99041.22, 8014528215, '8 Meadow Valley Pass', 'Salt Lake City', 'Utah', 84135, '2016-06-11', '1957-12-29', 'Alyosha', 'Heare', 'aheare2t@china.com.cn', '', 'Male', '954-467-5060')
,(103, 5, 62782.67, 5852379657, '86212 Thompson Way', 'Rochester', 'New York', 14619, '2016-03-01', '1974-07-23', 'Dorella', 'Klaffs', 'dklaffs2u@blinklist.com', 'dklaffs2u@kickstarter.com', 'Female', '201-135-2388')
,(104, 4, 70460.61, 5159365811, '98414 Delladonna Pass', 'Des Moines', 'Iowa', 50393, '2019-06-22', '1963-01-24', 'Alaric', 'Donovin', 'adonovin2v@thetimes.co.uk', 'adonovin2v@zimbio.com', 'Genderfluid', '609-411-8338')
,(105, 4, 80042.82, 4046208810, '9234 Cherokee Road', 'Atlanta', 'Georgia', 30358, '2018-12-08', '1986-07-29', 'Jemmy', 'Maven', 'jmaven2w@nature.com', 'jmaven2w@webmd.com', 'Female', '718-274-0133')
,(106, 1, 89455.95, 2026672570, '622 Mcguire Park', 'Washington', 'District of Columbia', 20442, '2019-12-03', '1969-08-11', 'Arlan', 'Hevey', 'ahevey2x@salon.com', 'ahevey2x@nbcnews.com', 'Male', '850-326-1916')
,(107, 8, 55428.09, 6464999625, '69747 Clove Street', 'New York City', 'New York', 10014, '2017-12-05', '1986-10-01', 'Alford', 'Ventum', 'aventum2y@addtoany.com', 'aventum2y@xrea.com', 'Male', '661-595-9302')
,(108, 2, 69780.37, 4171806011, '368 Pearson Park', 'Springfield', 'Missouri', 65805, '2016-01-31', '1955-11-14', 'Kimberlee', 'Batting', 'kbatting2z@studiopress.com', 'kbatting2z@hostgator.com', 'Female', '513-379-9531')
,(109, 4, 81535.6, 5089986582, '289 Pearson Plaza', 'Brockton', 'Massachusetts', 2305, '2020-08-01', '1975-07-21', 'Harrie', 'Janney', 'hjanney30@nymag.com', '', 'Female', '206-620-7967')
,(110, 5, 69602.03, 6149425983, '7 Lakewood Court', 'Columbus', 'Ohio', 43220, '2020-09-16', '1995-12-14', 'Josy', 'Lissandrini', 'jlissandrini31@4shared.com', 'jlissandrini31@smugmug.com', 'Female', '425-133-5440')
,(111, 3, 67319.53, 7079887728, '72 Independence Parkway', 'Santa Rosa', 'California', 95405, '2018-04-03', '1967-02-11', 'Koren', 'Hastings', 'khastings32@yolasite.com', 'khastings32@joomla.org', 'Female', '614-313-7878')
,(112, 2, 84149.2, 7274090189, '9234 Canary Way', 'Bradenton', 'Florida', 34210, '2022-04-27', '1965-11-12', 'Broddy', 'Gissing', 'bgissing33@ehow.com', 'bgissing33@fema.gov', 'Male', '812-711-4497')
,(113, 1, 52720.35, 6462738139, '84 Cottonwood Court', 'New York City', 'New York', 10170, '2017-02-20', '1997-11-12', 'Tann', 'Abbey', 'tabbey34@examiner.com', 'tabbey34@salon.com', 'Male', '513-738-7374')
,(114, 5, 54575.13, 5042053979, '18374 Forest Dale Drive', 'New Orleans', 'Louisiana', 70116, '2021-06-28', '2000-01-13', 'Mattie', 'Marcum', 'mmarcum35@cnet.com', 'mmarcum35@ucoz.ru', 'Male', '212-824-7482')
,(115, 6, 71250.51, 9093792459, '9 New Castle Hill', 'San Bernardino', 'California', 92424, '2018-11-04', '2001-05-05', 'Vidovic', 'Coaten', 'vcoaten36@earthlink.net', '', 'Male', '323-938-0759')
,(116, 1, 68236.08, 6187133853, '14 Mendota Parkway', 'East Saint Louis', 'Illinois', 62205, '2015-09-03', '1959-06-04', 'Fraze', 'Enric', 'fenric37@businessinsider.com', 'fenric37@istockphoto.com', 'Male', '337-404-4657')
,(117, 5, 66606.4, 8286187937, '812 Erie Point', 'Asheville', 'North Carolina', 28805, '2020-12-28', '2003-08-07', 'Mirabelle', 'Risby', 'mrisby38@imgur.com', 'mrisby38@amazon.co.jp', 'Non-binary', '562-127-0758')
,(118, 4, 69737.73, 2564231406, '044 Melrose Center', 'Huntsville', 'Alabama', 35895, '2017-12-22', '1983-01-01', 'Jules', 'Davion', 'jdavion39@gravatar.com', 'jdavion39@live.com', 'Male', '817-925-2073')
,(119, 5, 64100.86, 8137523967, '4846 Harper Place', 'Tampa', 'Florida', 33633, '2020-02-13', '1976-07-09', 'Robbi', 'Dedmam', 'rdedmam3a@youtube.com', 'rdedmam3a@stanford.edu', 'Female', '302-828-1823')
,(120, 3, 44560.51, 9154627321, '92105 Almo Way', 'El Paso', 'Texas', 79911, '2020-08-20', '1980-09-08', 'Antonin', 'Luckin', 'aluckin3b@blogtalkradio.com', '', 'Male', '678-651-9405')
,(121, 1, 64857.08, 6198623371, '9821 Farmco Road', 'San Diego', 'California', 92170, '2022-03-22', '2003-02-25', 'Ashton', 'Aylett', 'aaylett3c@yale.edu', 'aaylett3c@businessweek.com', 'Male', '816-328-7191')
,(122, 4, 62664.13, 5207808397, '9112 Armistice Park', 'Tucson', 'Arizona', 85705, '2022-06-11', '1967-02-16', 'Elisabetta', 'Zamorrano', 'ezamorrano3d@devhub.com', '', 'Female', '208-945-5939')
,(123, 1, 74943.65, 3048777898, '2743 Amoth Point', 'Charleston', 'West Virginia', 25331, '2018-03-30', '1963-11-08', 'Ethelda', 'Dockrey', 'edockrey3e@yandex.ru', 'edockrey3e@lycos.com', 'Female', '504-752-8330')
,(124, 6, 48871.29, 5122431387, '3839 Russell Terrace', 'Austin', 'Texas', 78737, '2016-09-05', '1986-09-17', 'Frannie', 'Barwise', 'fbarwise3f@list-manage.com', '', 'Female', '254-828-7096')
,(125, 8, 70385.59, 8646474198, '4159 Charing Cross Hill', 'Spartanburg', 'South Carolina', 29319, '2021-02-17', '1962-06-20', 'Aryn', 'Reubens', 'areubens3g@sbwire.com', 'areubens3g@stumbleupon.com', 'Female', '954-251-3055')
,(126, 1, 61995.07, 3042820823, '27 Iowa Circle', 'Huntington', 'West Virginia', 25716, '2017-01-11', '1959-03-26', 'Aguste', 'Abbess', 'aabbess3h@last.fm', 'aabbess3h@whitehouse.gov', 'Male', '915-340-4850')
,(127, 5, 40522.31, 8598723910, '4994 Lindbergh Plaza', 'Lexington', 'Kentucky', 40581, '2019-12-30', '1967-07-03', 'Quentin', 'Groombridge', 'qgroombridge3i@ehow.com', 'qgroombridge3i@pagesperso-orange.fr', 'Male', '973-873-3221')
,(128, 1, 60583.2, 6173691121, '8152 Graceland Court', 'Boston', 'Massachusetts', 2208, '2017-03-09', '1997-04-02', 'Lexis', 'Butler-Bowdon', 'lbutlerbowdon3j@wisc.edu', 'lbutlerbowdon3j@tiny.cc', 'Female', '951-206-9379')
,(129, 4, 38238.54, 7851537003, '11 Goodland Avenue', 'Topeka', 'Kansas', 66642, '2016-06-19', '1956-05-20', 'Rochette', 'Lauthian', 'rlauthian3k@kickstarter.com', '', 'Female', '210-303-4931')
,(130, 5, 70046.91, 7191386215, '88932 Erie Trail', 'Colorado Springs', 'Colorado', 80951, '2017-01-16', '1980-04-17', 'Ozzy', 'Rowbrey', 'orowbrey3l@acquirethisname.com', 'orowbrey3l@slideshare.net', 'Male', '702-333-9008')
,(131, 8, 50046.06, 6469031785, '0275 Surrey Alley', 'New York City', 'New York', 10004, '2018-08-06', '1969-07-09', 'Lexine', 'Trevillion', 'ltrevillion3m@paginegialle.it', 'ltrevillion3m@goodreads.com', 'Non-binary', '501-191-7531')
,(132, 1, 38901.26, 2142229535, '04960 Merrick Hill', 'Mesquite', 'Texas', 75185, '2021-05-05', '1955-08-06', 'Ashly', 'Addams', 'aaddams3n@japanpost.jp', 'aaddams3n@imageshack.us', 'Female', '914-214-7839')
,(133, 6, 85479.16, 2146538314, '9 Corry Drive', 'Arlington', 'Texas', 76011, '2020-08-07', '1981-10-23', 'Seward', 'Favela', 'sfavela3o@walmart.com', '', 'Male', '864-480-5497')
,(134, 2, 48030.28, 2539759239, '7657 Heath Pass', 'Tacoma', 'Washington', 98481, '2020-05-09', '1983-07-18', 'Junia', 'Carme', 'jcarme3p@blog.com', 'jcarme3p@seattletimes.com', 'Female', '234-293-3449')
,(135, 1, 72872.6, 7244153646, '615 Haas Circle', 'New Castle', 'Pennsylvania', 16107, '2018-09-17', '1998-08-07', 'Anselm', 'Haddinton', 'ahaddinton3q@ehow.com', 'ahaddinton3q@twitter.com', 'Male', '312-638-4471')
,(136, 4, 57114.18, 2129750523, '92 Jay Trail', 'New York City', 'New York', 10170, '2016-05-27', '1995-02-09', 'Dan', 'Klawi', 'dklawi3r@theguardian.com', 'dklawi3r@opensource.org', 'Male', '206-759-0569')
,(137, 1, 53081.02, 5408079598, '12543 Muir Drive', 'Roanoke', 'Virginia', 24034, '2023-03-10', '1974-04-17', 'Wilhelmine', 'Morstatt', 'wmorstatt3s@cam.ac.uk', 'wmorstatt3s@blogspot.com', 'Female', '256-647-0291')
,(138, 1, 51694.48, 5404635359, '2016 Lillian Pass', 'Roanoke', 'Virginia', 24040, '2017-05-31', '1979-02-27', 'Kliment', 'Cosstick', 'kcosstick3t@privacy.gov.au', 'kcosstick3t@prnewswire.com', 'Male', '970-405-5646')
,(139, 1, 96103.06, 6104781949, '5 Express Junction', 'Philadelphia', 'Pennsylvania', 19151, '2017-06-27', '1991-03-25', 'Kent', 'Arndtsen', 'karndtsen3u@angelfire.com', '', 'Polygender', '313-879-9786')
,(140, 5, 47686.39, 5718387755, '52 Elka Circle', 'Arlington', 'Virginia', 22205, '2019-04-15', '1963-12-23', 'Marita', 'Barsam', 'mbarsam3v@biglobe.ne.jp', 'mbarsam3v@histats.com', 'Female', '817-555-5646')
,(141, 1, 45818.22, 4024586782, '811 Esch Court', 'Lincoln', 'Nebraska', 68524, '2017-02-28', '1972-05-23', 'Rois', 'Phettiplace', 'rphettiplace3w@amazon.com', 'rphettiplace3w@ustream.tv', 'Female', '202-295-9846')
,(142, 2, 33930.83, 7031214223, '580 Dovetail Terrace', 'Alexandria', 'Virginia', 22301, '2016-08-21', '1981-10-17', 'Gregorio', 'Hunnicutt', 'ghunnicutt3x@earthlink.net', 'ghunnicutt3x@w3.org', 'Agender', '412-412-4918')
,(143, 6, 75825.01, 7135463121, '18 Caliangt Circle', 'Houston', 'Texas', 77281, '2022-04-14', '2003-12-13', 'Vance', 'Simonel', 'vsimonel3y@clickbank.net', '', 'Male', '212-254-0265')
,(144, 3, 61647.33, 6149777455, '2330 Lakeland Street', 'Columbus', 'Ohio', 43220, '2015-05-29', '1976-10-15', 'Allin', 'Galier', 'agalier3z@wufoo.com', 'agalier3z@amazon.de', 'Male', '831-113-3346')
,(145, 4, 47929.51, 2252601515, '5444 Sage Lane', 'Baton Rouge', 'Louisiana', 70805, '2016-06-25', '1982-07-03', 'Darbie', 'Genike', 'dgenike40@ucoz.ru', '', 'Female', '415-722-7700')
,(146, 4, 57133.32, 2285524962, '16147 Shopko Alley', 'Gulfport', 'Mississippi', 39505, '2016-01-09', '1956-03-26', 'Joli', 'Budcock', 'jbudcock41@behance.net', 'jbudcock41@storify.com', 'Female', '574-360-7177')
,(147, 6, 65348.08, 6193978812, '28445 Schurz Parkway', 'San Diego', 'California', 92105, '2019-06-19', '1966-11-08', 'Jayme', 'Corhard', 'jcorhard42@vkontakte.ru', 'jcorhard42@storify.com', 'Male', '405-215-9209')
,(148, 1, 32574.84, 9012623545, '11539 Shoshone Trail', 'Memphis', 'Tennessee', 38136, '2021-03-03', '1993-01-18', 'Ralf', 'Hambric', 'rhambric43@ucla.edu', 'rhambric43@samsung.com', 'Male', '502-647-9888')
,(149, 1, 51387.14, 4083851753, '2 Thompson Road', 'San Jose', 'California', 95133, '2022-07-11', '1963-01-05', 'Laurice', 'Bitcheno', 'lbitcheno44@statcounter.com', 'lbitcheno44@oakley.com', 'Female', '215-346-8801')
,(150, 6, 48850.11, 4105047824, '1 Bartillon Way', 'Baltimore', 'Maryland', 21211, '2022-02-13', '1988-10-02', 'Merline', 'Rauprich', 'mrauprich45@123-reg.co.uk', 'mrauprich45@myspace.com', 'Female', '209-630-9399')
,(151, 1, 61796.69, 3028453194, '96893 Lunder Street', 'Wilmington', 'Delaware', 19892, '2019-11-01', '1990-05-30', 'Mersey', 'Posten', 'mposten46@elpais.com', '', 'Female', '760-966-5055')
,(152, 4, 60900.73, 2121733980, '3 Express Hill', 'New York City', 'New York', 10029, '2020-10-01', '1973-10-31', 'Caldwell', 'Ewebank', 'cewebank47@noaa.gov', 'cewebank47@webnode.com', 'Male', '417-526-3149')
,(153, 4, 60752.33, 4025569742, '89064 Badeau Place', 'Omaha', 'Nebraska', 68179, '2016-09-02', '1964-09-12', 'Dawna', 'Wrate', 'dwrate48@utexas.edu', 'dwrate48@ihg.com', 'Female', '618-325-7818')
,(154, 4, 61315.92, 9133587415, '641 Spenser Place', 'Kansas City', 'Kansas', 66160, '2017-07-27', '1965-10-10', 'Gradey', 'Birchill', 'gbirchill49@yelp.com', 'gbirchill49@time.com', 'Male', '251-626-8190')
,(155, 4, 30325.05, 3049142039, '37394 Lerdahl Trail', 'Huntington', 'West Virginia', 25711, '2021-05-27', '1981-12-25', 'Isobel', 'Clohessy', 'iclohessy4a@pcworld.com', 'iclohessy4a@rambler.ru', 'Female', '914-505-1984')
,(156, 4, 43318.01, 7067831899, '9 Gulseth Road', 'Athens', 'Georgia', 30610, '2018-07-17', '2001-05-21', 'Fidela', 'Murfett', 'fmurfett4b@mozilla.com', 'fmurfett4b@wikimedia.org', 'Bigender', '405-432-0745')
,(157, 1, 47418.9, 8165003088, '53 Susan Junction', 'Kansas City', 'Missouri', 64153, '2018-01-10', '1997-12-13', 'Adelbert', 'Burchnall', 'aburchnall4c@spiegel.de', 'aburchnall4c@infoseek.co.jp', 'Male', '303-684-2789')
,(158, 4, 80440.35, 5102684468, '34 Anhalt Avenue', 'Oakland', 'California', 94627, '2022-03-19', '1998-07-20', 'Saxe', 'Beswick', 'sbeswick4d@senate.gov', 'sbeswick4d@newyorker.com', 'Male', '716-646-8235')
,(159, 1, 22094.95, 5092910123, '584 Shoshone Pass', 'Spokane', 'Washington', 99252, '2022-10-07', '1986-04-09', 'Jareb', 'Adney', 'jadney4e@apple.com', 'jadney4e@reuters.com', 'Male', '208-808-8600')
,(160, 2, 67189.45, 2147534062, '2486 Lindbergh Point', 'Dallas', 'Texas', 75265, '2020-08-02', '1957-07-22', 'Savina', 'Tweddell', 'stweddell4f@theatlantic.com', 'stweddell4f@samsung.com', 'Female', '989-280-1606')
,(161, 4, 53919.44, 5123669675, '52953 Caliangt Road', 'Austin', 'Texas', 78789, '2017-01-26', '1982-12-24', 'Aldo', 'Emmitt', 'aemmitt4g@yellowbook.com', '', 'Male', '989-933-1033')
,(162, 5, 51643.97, 2098903293, '9 Waubesa Terrace', 'Stockton', 'California', 95205, '2018-05-07', '1995-12-22', 'Adrien', 'Coolican', 'acoolican4h@blogger.com', '', 'Male', '253-842-6705')
,(163, 5, 41621.92, 4132723487, '5 Superior Center', 'Springfield', 'Massachusetts', 1129, '2019-02-12', '1974-02-09', 'Iorgo', 'Mouse', 'imouse4i@shutterfly.com', 'imouse4i@skype.com', 'Male', '212-547-3591')
,(164, 2, 64404.79, 6127568216, '6 Superior Court', 'Minneapolis', 'Minnesota', 55407, '2021-08-17', '1994-03-18', 'Cullie', 'Clawley', 'cclawley4j@t-online.de', 'cclawley4j@google.de', 'Male', '312-588-9333')
,(165, 4, 33791.72, 6152635894, '62411 Bultman Park', 'Nashville', 'Tennessee', 37215, '2016-03-06', '1986-09-01', 'Barrie', 'Crocken', 'bcrocken4k@shareasale.com', 'bcrocken4k@youku.com', 'Female', '713-853-2988')
,(166, 1, 65835.65, 7027299442, '46592 Roxbury Pass', 'Henderson', 'Nevada', 89012, '2016-11-16', '1994-10-06', 'Deborah', 'Bolwell', 'dbolwell4l@simplemachines.org', '', 'Female', '206-703-0130')
,(167, 5, 82803.3, 8607988393, '1 Columbus Court', 'Hartford', 'Connecticut', 6160, '2022-04-05', '1974-06-17', 'Rawley', 'Gunn', 'rgunn4m@dailymotion.com', 'rgunn4m@seesaa.net', 'Male', '303-489-9096')
,(168, 4, 64811.35, 8086766317, '173 Hoard Drive', 'Honolulu', 'Hawaii', 96810, '2022-06-09', '1968-06-26', 'Zena', 'Beller', 'zbeller4n@apache.org', 'zbeller4n@umn.edu', 'Female', '843-812-4447')
,(169, 6, 68980.16, 2059574904, '18933 Petterle Lane', 'Birmingham', 'Alabama', 35236, '2020-02-21', '1963-02-10', 'Ladonna', 'Illingsworth', 'lillingsworth4o@list-manage.com', 'lillingsworth4o@xrea.com', 'Non-binary', '609-183-8950')
,(170, 6, 37915.22, 5134673500, '03966 Debs Park', 'Cincinnati', 'Ohio', 45296, '2018-08-02', '1967-11-13', 'Greg', 'Nuton', 'gnuton4p@disqus.com', 'gnuton4p@wix.com', 'Male', '479-256-2545')
,(171, 4, 64563.22, 5712099655, '185 Lunder Parkway', 'Reston', 'Virginia', 22096, '2016-11-28', '1990-01-22', 'Albert', 'Spriggen', 'aspriggen4q@phoca.cz', 'aspriggen4q@columbia.edu', 'Male', '408-338-0381')
,(172, 2, 59742.65, 2026683617, '22222 Hooker Center', 'Washington', 'District of Columbia', 20067, '2017-04-03', '1962-02-05', 'Knox', 'Preshaw', 'kpreshaw4r@hostgator.com', '', 'Male', '754-487-0269')
,(173, 5, 64801.32, 9721318134, '1 Banding Street', 'Dallas', 'Texas', 75246, '2016-03-14', '2000-07-07', 'Marijo', 'Dunan', 'mdunan4s@archive.org', 'mdunan4s@vkontakte.ru', 'Female', '856-276-1213')
,(174, 2, 56836.03, 7169820610, '43114 Swallow Lane', 'Buffalo', 'New York', 14215, '2019-04-10', '1970-06-08', 'Mel', 'Frantz', 'mfrantz4t@timesonline.co.uk', '', 'Bigender', '512-513-1400')
,(175, 2, 51944.97, 5012916930, '24 Golden Leaf Way', 'Hot Springs National Park', 'Arkansas', 71914, '2017-05-23', '1960-03-25', 'Gustavus', 'Brinkley', 'gbrinkley4u@xing.com', 'gbrinkley4u@gmpg.org', 'Male', '325-323-2514')
,(176, 5, 57668.93, 3173329117, '86 Dexter Center', 'Indianapolis', 'Indiana', 46202, '2021-01-26', '1969-01-27', 'Kessiah', 'Androlli', 'kandrolli4v@hatena.ne.jp', 'kandrolli4v@wufoo.com', 'Female', '770-541-0457')
,(177, 1, 62715.2, 2052499216, '14 Forest Place', 'Tuscaloosa', 'Alabama', 35405, '2017-02-13', '1996-02-01', 'Berti', 'Minghella', 'bminghella4w@netvibes.com', 'bminghella4w@com.com', 'Polygender', '610-917-2867')
,(178, 6, 58935.03, 3152808778, '88122 Barnett Point', 'Syracuse', 'New York', 13224, '2016-02-14', '1984-01-27', 'Elsworth', 'Ladell', 'eladell4x@gov.uk', 'eladell4x@sciencedirect.com', 'Male', '801-719-1787')
,(179, 4, 74661.04, 2601390187, '37449 Anthes Circle', 'Fort Wayne', 'Indiana', 46852, '2021-04-02', '1977-08-24', 'Mollee', 'Bowfin', 'mbowfin4y@multiply.com', 'mbowfin4y@weibo.com', 'Female', '805-841-2233')
,(180, 1, 43881.24, 6177723540, '570 Little Fleur Circle', 'Boston', 'Massachusetts', 2203, '2018-05-05', '1995-08-29', 'Harriette', 'Hebden', 'hhebden4z@google.nl', '', 'Female', '919-754-4139')
,(181, 6, 68331.17, 2149705631, '8 Lindbergh Junction', 'Dallas', 'Texas', 75277, '2022-01-27', '1999-04-22', 'Camilla', 'Jeary', 'cjeary50@geocities.com', 'cjeary50@ask.com', 'Female', '754-182-1287')
,(182, 1, 40915.55, 9416377466, '102 Gina Street', 'Naples', 'Florida', 34102, '2018-01-27', '1968-01-21', 'Yelena', 'Tristram', 'ytristram51@wired.com', 'ytristram51@microsoft.com', 'Female', '510-682-4027')
,(183, 4, 76857.46, 6086634463, '13487 Claremont Center', 'Madison', 'Wisconsin', 53779, '2021-10-01', '1964-05-11', 'Selby', 'Gimlet', 'sgimlet52@google.cn', 'sgimlet52@ehow.com', 'Male', '757-198-5669')
,(184, 2, 44428.66, 7274955225, '4 Meadow Valley Trail', 'Saint Petersburg', 'Florida', 33742, '2021-08-31', '1989-07-07', 'Andie', 'Idel', 'aidel53@eventbrite.com', 'aidel53@engadget.com', 'Male', '915-245-6932')
,(185, 6, 62060.33, 5592889823, '5020 Randy Place', 'Fresno', 'California', 93750, '2017-05-10', '1979-08-06', 'Allin', 'Kennett', 'akennett54@mlb.com', '', 'Male', '202-786-6773')
,(186, 1, 76201.51, 2035021026, '78 Crest Line Lane', 'Stamford', 'Connecticut', 6912, '2016-03-16', '1956-01-14', 'Jerry', 'Castle', 'jcastle55@4shared.com', '', 'Male', '772-387-1843')
,(187, 1, 52558.24, 5085362200, '1320 Northland Parkway', 'Worcester', 'Massachusetts', 1654, '2017-04-23', '1975-06-22', 'Charlean', 'Isted', 'cisted56@jigsy.com', 'cisted56@livejournal.com', 'Female', '912-280-4217')
,(188, 4, 72371.91, 3375719530, '32556 Northview Junction', 'Lake Charles', 'Louisiana', 70607, '2021-11-21', '1959-10-15', 'Torrance', 'Budgen', 'tbudgen57@nhs.uk', 'tbudgen57@nba.com', 'Male', '617-549-4019')
,(189, 6, 44687.11, 2694731216, '3 Lien Point', 'Kalamazoo', 'Michigan', 49006, '2020-11-10', '1967-10-15', 'Duffy', 'Asken', 'dasken58@technorati.com', 'dasken58@youtube.com', 'Male', '916-787-3685')
,(190, 6, 65535.07, 2025540310, '1163 Almo Way', 'Washington', 'District of Columbia', 20520, '2015-06-05', '1965-11-11', 'Jeremie', 'Sommerled', 'jsommerled59@mayoclinic.com', 'jsommerled59@ezinearticles.com', 'Male', '602-730-0004')
,(191, 4, 57797.5, 3096631473, '430 Cherokee Lane', 'Peoria', 'Illinois', 61640, '2018-10-30', '1976-06-17', 'Milt', 'Posnett', 'mposnett5a@lulu.com', 'mposnett5a@canalblog.com', 'Non-binary', '816-467-5520')
,(192, 1, 82618.81, 4054379757, '66 Green Avenue', 'Oklahoma City', 'Oklahoma', 73173, '2019-10-15', '1977-11-25', 'Lacy', 'Barczynski', 'lbarczynski5b@sourceforge.net', 'lbarczynski5b@jalbum.net', 'Female', '561-165-7075')
,(193, 4, 76483.94, 6267946823, '369 Hermina Hill', 'Alhambra', 'California', 91841, '2022-12-04', '1962-02-18', 'Brew', 'Gotcher', 'bgotcher5c@flavors.me', 'bgotcher5c@google.es', 'Male', '229-441-0002')
,(194, 4, 89722.49, 9154472714, '03640 Eagle Crest Way', 'El Paso', 'Texas', 88514, '2020-02-05', '2002-06-21', 'Magdalene', 'Melonby', 'mmelonby5d@china.com.cn', 'mmelonby5d@dagondesign.com', 'Female', '859-693-2743')
,(195, 4, 47366.34, 9206455066, '4561 Park Meadow Park', 'Green Bay', 'Wisconsin', 54305, '2019-12-22', '1978-04-26', 'Georges', 'Noen', 'gnoen5e@simplemachines.org', 'gnoen5e@biblegateway.com', 'Male', '682-646-8467')
,(196, 8, 75329.26, 8066243075, '8023 Corry Road', 'Lubbock', 'Texas', 79415, '2022-04-25', '1956-07-06', 'Rochell', 'Emsley', 'remsley5f@topsy.com', 'remsley5f@hostgator.com', 'Female', '916-582-5129')
,(197, 7, 56864.65, 2153463762, '1137 South Junction', 'Philadelphia', 'Pennsylvania', 19104, '2017-10-04', '1993-09-14', 'Cesare', 'Brandino', 'cbrandino5g@blogtalkradio.com', '', 'Male', '217-829-7247')
,(198, 4, 75502.4, 3183197908, '4 Gateway Trail', 'Monroe', 'Louisiana', 71213, '2018-05-15', '1974-05-02', 'Morgen', 'Dummigan', 'mdummigan5h@ehow.com', '', 'Male', '219-721-8651')
,(199, 6, 24966.47, 9072134642, '3 Delaware Lane', 'Juneau', 'Alaska', 99812, '2022-04-27', '1998-01-11', 'Stephani', 'Gon', 'sgon5i@hao123.com', 'sgon5i@shareasale.com', 'Female', '602-353-4317')
,(200, 4, 51130.58, 6083285683, '675 Vermont Plaza', 'Madison', 'Wisconsin', 53779, '2018-02-15', '1955-06-20', 'Henrieta', 'Humpherston', 'hhumpherston5j@bigcartel.com', '', 'Female', '805-605-1168')
,(201, 5, 45489.74, 3133277028, '10 Fulton Center', 'Detroit', 'Michigan', 48217, '2018-06-30', '1991-11-03', 'Griffith', 'Fairbank', 'gfairbank5k@woothemes.com', 'gfairbank5k@qq.com', 'Male', '915-740-5072')
,(202, 6, 51634.3, 3869886104, '9 Sherman Terrace', 'Daytona Beach', 'Florida', 32123, '2017-09-05', '1962-11-22', 'Leo', 'Lally', 'llally5l@cloudflare.com', 'llally5l@accuweather.com', 'Male', '916-748-5899')
,(203, 4, 38970.99, 9094254011, '80 Schurz Park', 'Riverside', 'California', 92505, '2022-08-01', '1972-07-22', 'Zolly', 'Najera', 'znajera5m@usgs.gov', '', 'Male', '210-856-2316')
,(204, 6, 69362.07, 6086934003, '87 Gateway Drive', 'Madison', 'Wisconsin', 53726, '2022-01-19', '1961-09-20', 'Doro', 'Lomaz', 'dlomaz5n@hostgator.com', 'dlomaz5n@sciencedirect.com', 'Bigender', '573-272-6076')
,(205, 4, 41167.02, 6198439015, '57 Northwestern Point', 'San Diego', 'California', 92153, '2020-10-31', '1963-05-15', 'Orsola', 'Pagden', 'opagden5o@wikipedia.org', 'opagden5o@salon.com', 'Female', '206-819-4889')
,(206, 1, 69120.12, 8018002859, '0 Evergreen Center', 'Ogden', 'Utah', 84403, '2019-07-02', '1964-06-23', 'Ketti', 'Gribben', 'kgribben5p@java.com', '', 'Female', '757-164-5294')
,(207, 5, 50985.94, 3523266337, '3 Colorado Parkway', 'Spring Hill', 'Florida', 34611, '2017-12-06', '1977-08-06', 'Kermie', 'Beavington', 'kbeavington5q@ustream.tv', 'kbeavington5q@sphinn.com', 'Male', '702-957-0100')
,(208, 8, 44040.14, 7703494028, '98940 Banding Street', 'Lawrenceville', 'Georgia', 30245, '2023-01-12', '1980-06-23', 'Eugine', 'Birkinshaw', 'ebirkinshaw5r@boston.com', 'ebirkinshaw5r@constantcontact.com', 'Female', '913-343-7287')
,(209, 4, 56627.1, 4054088364, '78447 Division Street', 'Oklahoma City', 'Oklahoma', 73104, '2020-10-28', '1990-11-30', 'Vernice', 'Fevier', 'vfevier5s@cnn.com', 'vfevier5s@wordpress.com', 'Polygender', '202-959-2379')
,(210, 4, 54404.34, 4199694168, '5 Farragut Terrace', 'Toledo', 'Ohio', 43656, '2020-10-20', '1957-01-26', 'Iver', 'McLelland', 'imclelland5t@wix.com', 'imclelland5t@ycombinator.com', 'Male', '810-917-2086')
,(211, 2, 78806.97, 5711789748, '08153 Ludington Lane', 'Arlington', 'Virginia', 22234, '2016-01-06', '1956-12-01', 'Hodge', 'Benedick', 'hbenedick5u@reddit.com', '', 'Male', '361-425-6175')
,(212, 2, 66990.23, 5046850631, '6 Sunfield Court', 'Metairie', 'Louisiana', 70033, '2019-06-16', '1994-05-15', 'Sadie', 'Canner', 'scanner5v@ucoz.ru', '', 'Female', '678-569-3832')
,(213, 4, 52465.34, 3153358316, '5017 Heffernan Alley', 'Utica', 'New York', 13505, '2021-12-20', '1956-11-16', 'Julian', 'Fabbro', 'jfabbro5w@rakuten.co.jp', 'jfabbro5w@vkontakte.ru', 'Bigender', '309-460-5092')
,(214, 2, 81661.98, 3174984953, '74 Hansons Hill', 'Indianapolis', 'Indiana', 46202, '2017-04-06', '1968-05-07', 'Krystle', 'Schwandermann', 'kschwandermann5x@ehow.com', 'kschwandermann5x@opera.com', 'Female', '202-795-7453')
,(215, 1, 70469.55, 9076890965, '05 Elmside Place', 'Juneau', 'Alaska', 99812, '2019-03-08', '1981-01-21', 'Tammy', 'Bearfoot', 'tbearfoot5y@cdbaby.com', 'tbearfoot5y@prweb.com', 'Male', '502-467-3392')
,(216, 5, 86369.83, 5023568545, '4554 Grayhawk Parkway', 'Louisville', 'Kentucky', 40266, '2019-11-13', '1996-07-11', 'Steven', 'Rosetti', 'srosetti5z@thetimes.co.uk', 'srosetti5z@jugem.jp', 'Male', '336-900-8745')
,(217, 4, 66272.22, 3049389719, '4 Alpine Terrace', 'Charleston', 'West Virginia', 25389, '2020-06-09', '1963-10-24', 'Walsh', 'Kaplan', 'wkaplan60@dyndns.org', 'wkaplan60@arstechnica.com', 'Male', '718-447-4602')
,(218, 6, 67514.59, 5624799161, '776 Scoville Crossing', 'Long Beach', 'California', 90805, '2015-07-02', '1970-07-31', 'Delphinia', 'Saggs', 'dsaggs61@cbslocal.com', 'dsaggs61@tamu.edu', 'Genderqueer', '770-696-3909')
,(219, 1, 43645.55, 5404009099, '28 Erie Drive', 'Roanoke', 'Virginia', 24034, '2021-04-29', '1987-10-31', 'Toby', 'Scotter', 'tscotter62@dmoz.org', 'tscotter62@tumblr.com', 'Male', '361-768-1543')
,(220, 5, 64255.02, 9151431557, '74673 Prairieview Alley', 'El Paso', 'Texas', 79905, '2018-06-16', '1987-09-26', 'Barnie', 'Workes', 'bworkes63@netvibes.com', 'bworkes63@zimbio.com', 'Male', '713-447-8252')
,(221, 4, 56503.01, 8048557139, '3675 Pearson Crossing', 'Richmond', 'Virginia', 23260, '2021-05-05', '1957-08-05', 'Joshua', 'Cucuzza', 'jcucuzza64@1und1.de', '', 'Male', '847-204-9422')
,(222, 4, 63841.6, 3189067874, '1 Cody Street', 'Shreveport', 'Louisiana', 71137, '2020-02-09', '1995-10-11', 'Jessi', 'Holtom', 'jholtom65@biglobe.ne.jp', 'jholtom65@posterous.com', 'Female', '754-649-4942')
,(223, 6, 54037, 8182387096, '6 Lien Place', 'Santa Monica', 'California', 90405, '2015-05-10', '1973-08-23', 'Eleanora', 'Watters', 'ewatters66@wikimedia.org', 'ewatters66@shareasale.com', 'Female', '402-145-8615')
,(224, 1, 63919.97, 7087434355, '86832 Glendale Lane', 'Schaumburg', 'Illinois', 60193, '2019-10-13', '2002-12-15', 'Abigale', 'Tilbey', 'atilbey67@istockphoto.com', 'atilbey67@furl.net', 'Female', '903-102-0587')
,(225, 5, 76316.43, 2561751922, '4 Tomscot Lane', 'Huntsville', 'Alabama', 35810, '2016-10-10', '1965-12-19', 'Ricky', 'Schulze', 'rschulze68@ca.gov', '', 'Male', '616-691-8900')
,(226, 5, 44874.18, 2178522739, '7630 Bluestem Trail', 'Springfield', 'Illinois', 62794, '2020-04-07', '1998-03-20', 'Marys', 'Valek', 'mvalek69@cargocollective.com', 'mvalek69@google.es', 'Female', '404-573-6546')
,(227, 5, 64546.61, 2515348855, '3 Tomscot Street', 'Mobile', 'Alabama', 36605, '2019-08-28', '1960-06-24', 'Moritz', 'Fraser', 'mfraser6a@sfgate.com', '', 'Male', '602-120-2059')
,(228, 5, 70063.38, 9123747646, '810 Autumn Leaf Way', 'Savannah', 'Georgia', 31422, '2022-09-13', '1977-04-05', 'Lyndsay', 'Carmel', 'lcarmel6b@hhs.gov', '', 'Genderfluid', '419-223-2468')
,(229, 3, 66221.86, 3618275293, '1893 Bunker Hill Park', 'Corpus Christi', 'Texas', 78405, '2015-04-14', '1975-10-24', 'Jacynth', 'Bondar', 'jbondar6c@usatoday.com', 'jbondar6c@acquirethisname.com', 'Female', '206-721-0710')
,(230, 3, 62675.94, 4059059847, '24 Sugar Center', 'Edmond', 'Oklahoma', 73034, '2021-04-10', '1988-11-30', 'Karita', 'Yukhov', 'kyukhov6d@gravatar.com', 'kyukhov6d@ask.com', 'Female', '816-644-2284')
,(231, 6, 98318.38, 7578144142, '72 Springview Circle', 'Portsmouth', 'Virginia', 23705, '2015-12-02', '1998-07-27', 'Benoit', 'Andrieux', 'bandrieux6e@bizjournals.com', 'bandrieux6e@berkeley.edu', 'Male', '951-332-4017')
,(232, 4, 52212.09, 4801150605, '8283 Clyde Gallagher Junction', 'Phoenix', 'Arizona', 85045, '2017-08-26', '1971-12-22', 'Rosene', 'Matuska', 'rmatuska6f@netvibes.com', 'rmatuska6f@acquirethisname.com', 'Female', '305-650-9117')
,(233, 6, 64578.49, 7131908940, '0 Anderson Park', 'Houston', 'Texas', 77223, '2016-03-13', '1988-09-22', 'Pammy', 'Kingswoode', 'pkingswoode6g@mysql.com', '', 'Female', '509-941-8202')
,(234, 8, 69106.66, 9158839517, '99636 Superior Hill', 'El Paso', 'Texas', 79928, '2018-11-12', '1998-12-16', 'Nico', 'Arr', 'narr6h@illinois.edu', '', 'Male', '316-514-4627')
,(235, 7, 39491.81, 7573425774, '421 Crescent Oaks Place', 'Virginia Beach', 'Virginia', 23464, '2019-03-13', '1990-02-04', 'Windy', 'Malone', 'wmalone6i@angelfire.com', '', 'Female', '304-173-4375');

INSERT INTO projects(name, number, budget, dept_id) VALUES('Easter2016', 0, 5000, 1)
,('Easter2017', 0, 15000, 1)
,('Easter2018', 0, 30000, 1)
,('Easter2019', 0, 60000, 1)
,('Easter2020', 0, 60000, 1)
,('Easter2021', 0, 70000, 1)
,('Easter2022', 0, 70000, 1)
,('Easter2023', 0, 70000, 1)
,('July Fourth2016', 1, 7000, 1)
,('July Fourth2017', 1, 9000, 1)
,('July Fourth2018', 1, 30000, 1)
,('July Fourth2019', 1, 70000, 1)
,('July Fourth2020', 1, 80000, 1)
,('July Fourth2021', 1, 80000, 1)
,('July Fourth2022', 1, 90000, 1)
,('July Fourth2023', 1, 100000, 1)
,('Black Friday2016', 2, 9000, 1)
,('Black Friday2017', 2, 30000, 1)
,('Black Friday2018', 2, 90000, 1)
,('Black Friday2019', 2, 100000, 1)
,('Black Friday2020', 2, 100000, 1)
,('Black Friday2021', 2, 100000, 1)
,('Black Friday2022', 2, 100000, 1)
,('Christmas2016', 3, 10000, 1)
,('Christmas2017', 3, 30000, 1)
,('Christmas2018', 3, 30000, 1)
,('Christmas2019', 3, 40000, 1)
,('Christmas2020', 3, 40000, 1)
,('Christmas2021', 3, 40000, 1)
,('Christmas2022', 3, 50000, 1)
,('Thanks Giving2016', 4, 4000, 1)
,('Thanks Giving2017', 4, 20000, 1)
,('Thanks Giving2018', 4, 20000, 1)
,('Thanks Giving2019', 4, 30000, 1)
,('Thanks Giving2020', 4, 30000, 1)
,('Thanks Giving2021', 4, 30000, 1)
,('Thanks Giving2022', 4, 40000, 1)
,('Procurement and Supplier Management Phase1', 5, 50000, 5)
,('Procurement and Supplier Management Phase2', 5, 100000, 5)
,('Procurement and Supplier Management Phase3', 5, 25000, 5)
,('Accounting System Upgrade', 7, 25000, 2)
,('Financial Analysis and Reporting Automation', 7, 20000, 2)
,('Employee Training Programm', 8, 100000, 3)
,('Network Security Enhancement', 9, 500000, 4)
,('Product Innovation Initiative', 10, 10000, 6)
,('Product Development', 10, 100000, 6)
,('Contract Review and Compliance', 11, 600000, 7)
,('Call center', 12, 1000000, 8)
,('Customer Experience Analysis', 13, 400000, 8);

INSERT INTO emp_project(emp_id, proj_num, proj_name, start_date, hour) VALUES(1, 10, 'Product Innovation Initiative', '2022-08-05', 1132.5)
,(2, 5, 'Procurement and Supplier Management Phase3', '2022-01-01', 2287.5)
,(3, 13, 'Customer Experience Analysis', '2020-01-08', 5280)
,(4, 9, 'Network Security Enhancement', '2020-02-10', 5220)
,(5, 5, 'Procurement and Supplier Management Phase3', '2022-01-01', 2287.5)
,(6, 10, 'Product Innovation Initiative', '2022-08-05', 1132.5)
,(7, 9, 'Network Security Enhancement', '2020-02-10', 5220)
,(8, 8, 'Employee Training Programm', '2018-05-02', 9855)
,(9, 9, 'Network Security Enhancement', '2020-02-10', 5220)
,(10, 5, 'Procurement and Supplier Management Phase3', '2022-01-01', 2287.5)
,(11, 5, 'Procurement and Supplier Management Phase3', '2022-01-01', 2287.5)
,(12, 5, 'Procurement and Supplier Management Phase3', '2022-01-01', 2287.5)
,(13, 1, 'July Fourth2023', '2023-04-10', 45)
,(14, 1, 'July Fourth2023', '2023-04-10', 45)
,(15, 5, 'Procurement and Supplier Management Phase3', '2022-01-01', 2287.5)
,(16, 5, 'Procurement and Supplier Management Phase3', '2022-01-01', 2287.5)
,(17, 9, 'Network Security Enhancement', '2020-02-10', 5220)
,(18, 8, 'Employee Training Programm', '2018-05-02', 9855)
,(19, 9, 'Network Security Enhancement', '2020-02-10', 5220)
,(20, 9, 'Network Security Enhancement', '2020-02-10', 5220)
,(21, 9, 'Network Security Enhancement', '2020-02-10', 5220)
,(22, 5, 'Procurement and Supplier Management Phase3', '2022-01-01', 2287.5)
,(23, 9, 'Network Security Enhancement', '2020-02-10', 5220)
,(24, 1, 'July Fourth2023', '2023-04-10', 45)
,(25, 11, 'Contract Review and Compliance', '2022-04-11', 1762.5)
,(26, 10, 'Product Innovation Initiative', '2022-08-05', 1132.5)
,(27, 9, 'Network Security Enhancement', '2020-02-10', 5220)
,(28, 10, 'Product Innovation Initiative', '2022-08-05', 1132.5)
,(29, 10, 'Product Innovation Initiative', '2022-08-05', 1132.5)
,(30, 9, 'Network Security Enhancement', '2020-02-10', 5220)
,(31, 9, 'Network Security Enhancement', '2020-02-10', 5220)
,(32, 9, 'Network Security Enhancement', '2020-02-10', 5220)
,(33, 1, 'July Fourth2023', '2023-04-10', 45)
,(34, 1, 'July Fourth2023', '2023-04-10', 45)
,(35, 9, 'Network Security Enhancement', '2020-02-10', 5220)
,(36, 5, 'Procurement and Supplier Management Phase3', '2022-01-01', 2287.5)
,(37, 1, 'July Fourth2023', '2023-04-10', 45)
,(38, 1, 'July Fourth2023', '2023-04-10', 45)
,(39, 10, 'Product Innovation Initiative', '2022-08-05', 1132.5)
,(40, 7, 'Financial Analysis and Reporting Automation', '2021-06-12', 2070)
,(41, 9, 'Network Security Enhancement', '2020-02-10', 5220)
,(42, 5, 'Procurement and Supplier Management Phase3', '2022-01-01', 2287.5)
,(43, 1, 'July Fourth2023', '2023-04-10', 45)
,(44, 11, 'Contract Review and Compliance', '2022-04-11', 1762.5)
,(45, 9, 'Network Security Enhancement', '2020-02-10', 5220)
,(46, 1, 'July Fourth2023', '2023-04-10', 45)
,(47, 1, 'July Fourth2023', '2023-04-10', 45)
,(48, 9, 'Network Security Enhancement', '2020-02-10', 5220)
,(49, 1, 'July Fourth2023', '2023-04-10', 45)
,(50, 9, 'Network Security Enhancement', '2020-02-10', 5220)
,(51, 1, 'July Fourth2023', '2023-04-10', 45)
,(52, 1, 'July Fourth2023', '2023-04-10', 45)
,(53, 9, 'Network Security Enhancement', '2020-02-10', 5220)
,(54, 9, 'Network Security Enhancement', '2020-02-10', 5220)
,(55, 9, 'Network Security Enhancement', '2020-02-10', 5220)
,(56, 10, 'Product Innovation Initiative', '2022-08-05', 1132.5)
,(57, 13, 'Customer Experience Analysis', '2020-01-08', 5280)
,(58, 13, 'Customer Experience Analysis', '2020-01-08', 5280)
,(59, 1, 'July Fourth2023', '2023-04-10', 45)
,(60, 7, 'Financial Analysis and Reporting Automation', '2021-06-12', 2070)
,(61, 13, 'Customer Experience Analysis', '2020-01-08', 5280)
,(62, 1, 'July Fourth2023', '2023-04-10', 45)
,(63, 10, 'Product Innovation Initiative', '2022-08-05', 1132.5)
,(64, 10, 'Product Innovation Initiative', '2022-08-05', 1132.5)
,(65, 7, 'Financial Analysis and Reporting Automation', '2021-06-12', 2070)
,(66, 11, 'Contract Review and Compliance', '2022-04-11', 1762.5)
,(67, 9, 'Network Security Enhancement', '2020-02-10', 5220)
,(68, 9, 'Network Security Enhancement', '2020-02-10', 5220)
,(69, 9, 'Network Security Enhancement', '2020-02-10', 5220)
,(70, 1, 'July Fourth2023', '2023-04-10', 45)
,(71, 1, 'July Fourth2023', '2023-04-10', 45)
,(72, 1, 'July Fourth2023', '2023-04-10', 45)
,(73, 9, 'Network Security Enhancement', '2020-02-10', 5220)
,(74, 9, 'Network Security Enhancement', '2020-02-10', 5220)
,(75, 10, 'Product Innovation Initiative', '2022-08-05', 1132.5)
,(76, 5, 'Procurement and Supplier Management Phase3', '2022-01-01', 2287.5)
,(77, 9, 'Network Security Enhancement', '2020-02-10', 5220)
,(78, 1, 'July Fourth2023', '2023-04-10', 45)
,(79, 5, 'Procurement and Supplier Management Phase3', '2022-01-01', 2287.5)
,(80, 1, 'July Fourth2023', '2023-04-10', 45)
,(81, 9, 'Network Security Enhancement', '2020-02-10', 5220)
,(82, 7, 'Financial Analysis and Reporting Automation', '2021-06-12', 2070)
,(83, 7, 'Financial Analysis and Reporting Automation', '2021-06-12', 2070)
,(84, 1, 'July Fourth2023', '2023-04-10', 45)
,(85, 9, 'Network Security Enhancement', '2020-02-10', 5220)
,(86, 5, 'Procurement and Supplier Management Phase3', '2022-01-01', 2287.5)
,(87, 11, 'Contract Review and Compliance', '2022-04-11', 1762.5)
,(88, 7, 'Financial Analysis and Reporting Automation', '2021-06-12', 2070)
,(89, 7, 'Financial Analysis and Reporting Automation', '2021-06-12', 2070)
,(90, 8, 'Employee Training Programm', '2018-05-02', 9855)
,(91, 9, 'Network Security Enhancement', '2020-02-10', 5220)
,(92, 9, 'Network Security Enhancement', '2020-02-10', 5220)
,(93, 1, 'July Fourth2023', '2023-04-10', 45)
,(94, 1, 'July Fourth2023', '2023-04-10', 45)
,(95, 9, 'Network Security Enhancement', '2020-02-10', 5220)
,(96, 13, 'Customer Experience Analysis', '2020-01-08', 5280)
,(97, 5, 'Procurement and Supplier Management Phase3', '2022-01-01', 2287.5)
,(98, 9, 'Network Security Enhancement', '2020-02-10', 5220)
,(99, 10, 'Product Innovation Initiative', '2022-08-05', 1132.5)
,(100, 7, 'Financial Analysis and Reporting Automation', '2021-06-12', 2070)
,(101, 1, 'July Fourth2023', '2023-04-10', 45)
,(102, 5, 'Procurement and Supplier Management Phase3', '2022-01-01', 2287.5)
,(103, 5, 'Procurement and Supplier Management Phase3', '2022-01-01', 2287.5)
,(104, 9, 'Network Security Enhancement', '2020-02-10', 5220)
,(105, 9, 'Network Security Enhancement', '2020-02-10', 5220)
,(106, 1, 'July Fourth2023', '2023-04-10', 45)
,(107, 13, 'Customer Experience Analysis', '2020-01-08', 5280)
,(108, 7, 'Financial Analysis and Reporting Automation', '2021-06-12', 2070)
,(109, 9, 'Network Security Enhancement', '2020-02-10', 5220)
,(110, 5, 'Procurement and Supplier Management Phase3', '2022-01-01', 2287.5)
,(111, 8, 'Employee Training Programm', '2018-05-02', 9855)
,(112, 7, 'Financial Analysis and Reporting Automation', '2021-06-12', 2070)
,(113, 1, 'July Fourth2023', '2023-04-10', 45)
,(114, 5, 'Procurement and Supplier Management Phase3', '2022-01-01', 2287.5)
,(115, 10, 'Product Innovation Initiative', '2022-08-05', 1132.5)
,(116, 1, 'July Fourth2023', '2023-04-10', 45)
,(117, 5, 'Procurement and Supplier Management Phase3', '2022-01-01', 2287.5)
,(118, 9, 'Network Security Enhancement', '2020-02-10', 5220)
,(119, 5, 'Procurement and Supplier Management Phase3', '2022-01-01', 2287.5)
,(120, 8, 'Employee Training Programm', '2018-05-02', 9855)
,(121, 1, 'July Fourth2023', '2023-04-10', 45)
,(122, 9, 'Network Security Enhancement', '2020-02-10', 5220)
,(123, 1, 'July Fourth2023', '2023-04-10', 45)
,(124, 10, 'Product Innovation Initiative', '2022-08-05', 1132.5)
,(125, 13, 'Customer Experience Analysis', '2020-01-08', 5280)
,(126, 1, 'July Fourth2023', '2023-04-10', 45)
,(127, 5, 'Procurement and Supplier Management Phase3', '2022-01-01', 2287.5)
,(128, 1, 'July Fourth2023', '2023-04-10', 45)
,(129, 9, 'Network Security Enhancement', '2020-02-10', 5220)
,(130, 5, 'Procurement and Supplier Management Phase3', '2022-01-01', 2287.5)
,(131, 13, 'Customer Experience Analysis', '2020-01-08', 5280)
,(132, 1, 'July Fourth2023', '2023-04-10', 45)
,(133, 10, 'Product Innovation Initiative', '2022-08-05', 1132.5)
,(134, 7, 'Financial Analysis and Reporting Automation', '2021-06-12', 2070)
,(135, 1, 'July Fourth2023', '2023-04-10', 45)
,(136, 9, 'Network Security Enhancement', '2020-02-10', 5220)
,(137, 1, 'July Fourth2023', '2023-04-10', 45)
,(138, 1, 'July Fourth2023', '2023-04-10', 45)
,(139, 1, 'July Fourth2023', '2023-04-10', 45)
,(140, 5, 'Procurement and Supplier Management Phase3', '2022-01-01', 2287.5)
,(141, 1, 'July Fourth2023', '2023-04-10', 45)
,(142, 7, 'Financial Analysis and Reporting Automation', '2021-06-12', 2070)
,(143, 10, 'Product Innovation Initiative', '2022-08-05', 1132.5)
,(144, 8, 'Employee Training Programm', '2018-05-02', 9855)
,(145, 9, 'Network Security Enhancement', '2020-02-10', 5220)
,(146, 9, 'Network Security Enhancement', '2020-02-10', 5220)
,(147, 10, 'Product Innovation Initiative', '2022-08-05', 1132.5)
,(148, 1, 'July Fourth2023', '2023-04-10', 45)
,(149, 1, 'July Fourth2023', '2023-04-10', 45)
,(150, 10, 'Product Innovation Initiative', '2022-08-05', 1132.5)
,(151, 1, 'July Fourth2023', '2023-04-10', 45)
,(152, 9, 'Network Security Enhancement', '2020-02-10', 5220)
,(153, 9, 'Network Security Enhancement', '2020-02-10', 5220)
,(154, 9, 'Network Security Enhancement', '2020-02-10', 5220)
,(155, 9, 'Network Security Enhancement', '2020-02-10', 5220)
,(156, 9, 'Network Security Enhancement', '2020-02-10', 5220)
,(157, 1, 'July Fourth2023', '2023-04-10', 45)
,(158, 9, 'Network Security Enhancement', '2020-02-10', 5220)
,(159, 1, 'July Fourth2023', '2023-04-10', 45)
,(160, 7, 'Financial Analysis and Reporting Automation', '2021-06-12', 2070)
,(161, 9, 'Network Security Enhancement', '2020-02-10', 5220)
,(162, 5, 'Procurement and Supplier Management Phase3', '2022-01-01', 2287.5)
,(163, 5, 'Procurement and Supplier Management Phase3', '2022-01-01', 2287.5)
,(164, 7, 'Financial Analysis and Reporting Automation', '2021-06-12', 2070)
,(165, 9, 'Network Security Enhancement', '2020-02-10', 5220)
,(166, 1, 'July Fourth2023', '2023-04-10', 45)
,(167, 5, 'Procurement and Supplier Management Phase3', '2022-01-01', 2287.5)
,(168, 9, 'Network Security Enhancement', '2020-02-10', 5220)
,(169, 10, 'Product Innovation Initiative', '2022-08-05', 1132.5)
,(170, 10, 'Product Innovation Initiative', '2022-08-05', 1132.5)
,(171, 9, 'Network Security Enhancement', '2020-02-10', 5220)
,(172, 7, 'Financial Analysis and Reporting Automation', '2021-06-12', 2070)
,(173, 5, 'Procurement and Supplier Management Phase3', '2022-01-01', 2287.5)
,(174, 7, 'Financial Analysis and Reporting Automation', '2021-06-12', 2070)
,(175, 7, 'Financial Analysis and Reporting Automation', '2021-06-12', 2070)
,(176, 5, 'Procurement and Supplier Management Phase3', '2022-01-01', 2287.5)
,(177, 1, 'July Fourth2023', '2023-04-10', 45)
,(178, 10, 'Product Innovation Initiative', '2022-08-05', 1132.5)
,(179, 9, 'Network Security Enhancement', '2020-02-10', 5220)
,(180, 1, 'July Fourth2023', '2023-04-10', 45)
,(181, 10, 'Product Innovation Initiative', '2022-08-05', 1132.5)
,(182, 1, 'July Fourth2023', '2023-04-10', 45)
,(183, 9, 'Network Security Enhancement', '2020-02-10', 5220)
,(184, 7, 'Financial Analysis and Reporting Automation', '2021-06-12', 2070)
,(185, 10, 'Product Innovation Initiative', '2022-08-05', 1132.5)
,(186, 1, 'July Fourth2023', '2023-04-10', 45)
,(187, 1, 'July Fourth2023', '2023-04-10', 45)
,(188, 9, 'Network Security Enhancement', '2020-02-10', 5220)
,(189, 10, 'Product Innovation Initiative', '2022-08-05', 1132.5)
,(190, 10, 'Product Innovation Initiative', '2022-08-05', 1132.5)
,(191, 9, 'Network Security Enhancement', '2020-02-10', 5220)
,(192, 1, 'July Fourth2023', '2023-04-10', 45)
,(193, 9, 'Network Security Enhancement', '2020-02-10', 5220)
,(194, 9, 'Network Security Enhancement', '2020-02-10', 5220)
,(195, 9, 'Network Security Enhancement', '2020-02-10', 5220)
,(196, 13, 'Customer Experience Analysis', '2020-01-08', 5280)
,(197, 11, 'Contract Review and Compliance', '2022-04-11', 1762.5)
,(198, 9, 'Network Security Enhancement', '2020-02-10', 5220)
,(199, 10, 'Product Innovation Initiative', '2022-08-05', 1132.5)
,(200, 9, 'Network Security Enhancement', '2020-02-10', 5220)
,(201, 5, 'Procurement and Supplier Management Phase3', '2022-01-01', 2287.5)
,(202, 10, 'Product Innovation Initiative', '2022-08-05', 1132.5)
,(203, 9, 'Network Security Enhancement', '2020-02-10', 5220)
,(204, 10, 'Product Innovation Initiative', '2022-08-05', 1132.5)
,(205, 9, 'Network Security Enhancement', '2020-02-10', 5220)
,(206, 1, 'July Fourth2023', '2023-04-10', 45)
,(207, 5, 'Procurement and Supplier Management Phase3', '2022-01-01', 2287.5)
,(208, 13, 'Customer Experience Analysis', '2020-01-08', 5280)
,(209, 9, 'Network Security Enhancement', '2020-02-10', 5220)
,(210, 9, 'Network Security Enhancement', '2020-02-10', 5220)
,(211, 7, 'Financial Analysis and Reporting Automation', '2021-06-12', 2070)
,(212, 7, 'Financial Analysis and Reporting Automation', '2021-06-12', 2070)
,(213, 9, 'Network Security Enhancement', '2020-02-10', 5220)
,(214, 7, 'Financial Analysis and Reporting Automation', '2021-06-12', 2070)
,(215, 1, 'July Fourth2023', '2023-04-10', 45)
,(216, 5, 'Procurement and Supplier Management Phase3', '2022-01-01', 2287.5)
,(217, 9, 'Network Security Enhancement', '2020-02-10', 5220)
,(218, 10, 'Product Innovation Initiative', '2022-08-05', 1132.5)
,(219, 1, 'July Fourth2023', '2023-04-10', 45)
,(220, 5, 'Procurement and Supplier Management Phase3', '2022-01-01', 2287.5)
,(221, 9, 'Network Security Enhancement', '2020-02-10', 5220)
,(222, 9, 'Network Security Enhancement', '2020-02-10', 5220)
,(223, 10, 'Product Innovation Initiative', '2022-08-05', 1132.5)
,(224, 1, 'July Fourth2023', '2023-04-10', 45)
,(225, 5, 'Procurement and Supplier Management Phase3', '2022-01-01', 2287.5)
,(226, 5, 'Procurement and Supplier Management Phase3', '2022-01-01', 2287.5)
,(227, 5, 'Procurement and Supplier Management Phase3', '2022-01-01', 2287.5)
,(228, 5, 'Procurement and Supplier Management Phase3', '2022-01-01', 2287.5)
,(229, 8, 'Employee Training Programm', '2018-05-02', 9855)
,(230, 8, 'Employee Training Programm', '2018-05-02', 9855)
,(231, 10, 'Product Innovation Initiative', '2022-08-05', 1132.5)
,(232, 9, 'Network Security Enhancement', '2020-02-10', 5220)
,(233, 10, 'Product Innovation Initiative', '2022-08-05', 1132.5)
,(234, 13, 'Customer Experience Analysis', '2020-01-08', 5280)
,(235, 11, 'Contract Review and Compliance', '2022-04-11', 1762.5);

INSERT INTO products(prod_id, date_listed, name, class, category, price, page_views, description) VALUES(1, '2016-10-15', 'LogicLane Desktop Computer', 'Desktop Computer', 'Prebuilt', 2608, 1771, 'This is the best Desktop Computer you will find.')
,(2, '2019-04-05', 'DigitalDreams Charger', 'Charger', 'Accessories', 83, 2610, 'There is no Charger more priceworthy.')
,(3, '2021-03-13', 'TechTerritory Graphics Card', 'Graphics Card', 'Computer Parts', 950, 9226, 'This is the best Graphics Card you will find.')
,(4, '2015-04-26', 'CyberCorner Charger', 'Charger', 'Accessories', 45, 6153, 'This is the Charger for you.')
,(5, '2019-09-16', 'ByteBarn Speakers', 'Speakers', 'Accessories', 160, 7318, 'This is the Speakers for you.')
,(6, '2021-10-06', 'LaptopLads RAM', 'RAM', 'Computer Parts', 162, 7832, 'There is no RAM more priceworthy.')
,(7, '2022-03-22', 'ByteBarn RAM', 'RAM', 'Computer Parts', 88, 7525, 'This is the best RAM you will find.')
,(8, '2015-03-25', 'TechTerritory RAM', 'RAM', 'Computer Parts', 148, 6887, 'This is the best RAM you will find.')
,(9, '2015-06-27', 'TechTerritory Laptop Computer', 'Laptop Computer', 'Prebuilt', 1503, 9264, 'There is no Laptop Computer more priceworthy.')
,(10, '2019-10-07', 'LogicLane Laptop Computer', 'Laptop Computer', 'Prebuilt', 1733, 2000, 'This is the best Laptop Computer you will find.')
,(11, '2018-08-05', 'DigitalDreams Desktop Computer', 'Desktop Computer', 'Prebuilt', 1163, 7353, 'This is the best Desktop Computer you will find.')
,(12, '2016-08-20', 'DesktopDen Monitor', 'Monitor', 'Accessories', 695, 8566, 'This is the Monitor for you.')
,(13, '2018-08-16', 'DesktopDen CPU', 'CPU', 'Computer Parts', 362, 7601, 'There is no CPU more priceworthy.')
,(14, '2015-12-01', 'LaptopLads RAM', 'RAM', 'Computer Parts', 113, 4612, 'This is the best RAM you will find.')
,(15, '2016-08-16', 'CircuitCity Charger', 'Charger', 'Accessories', 33, 4240, 'This is the best Charger you will find.')
,(16, '2015-05-21', 'LaptopLads Charger', 'Charger', 'Accessories', 51, 650, 'This is the best Charger you will find.')
,(17, '2018-05-05', 'CircuitCity Speakers', 'Speakers', 'Accessories', 134, 8706, 'There is no Speakers more priceworthy.')
,(18, '2019-12-21', 'DesktopDen CPU', 'CPU', 'Computer Parts', 477, 1817, 'This is the CPU for you.')
,(19, '2016-04-09', 'DesktopDen Charger', 'Charger', 'Accessories', 40, 3986, 'Alan Turing would buy this Charger.')
,(20, '2022-02-16', 'TechTerritory Monitor', 'Monitor', 'Accessories', 212, 2109, 'This is the Monitor for you.')
,(21, '2015-10-09', 'DesktopDen RAM', 'RAM', 'Computer Parts', 69, 2371, 'Alan Turing would buy this RAM.')
,(22, '2017-03-17', 'LogicLane CPU', 'CPU', 'Computer Parts', 991, 2259, 'Alan Turing would buy this CPU.')
,(23, '2021-08-03', 'CircuitCity Monitor', 'Monitor', 'Accessories', 131, 9696, 'This is the best Monitor you will find.')
,(24, '2021-05-13', 'CyberCorner CPU', 'CPU', 'Computer Parts', 516, 3990, 'Alan Turing would buy this CPU.')
,(25, '2016-05-26', 'ByteBarn CPU', 'CPU', 'Computer Parts', 660, 5527, 'This is the CPU for you.')
,(26, '2022-09-08', 'TechTerritory Laptop Computer', 'Laptop Computer', 'Prebuilt', 701, 4156, 'This is the Laptop Computer for you.')
,(27, '2019-05-06', 'DesktopDen Desktop Computer', 'Desktop Computer', 'Prebuilt', 2389, 7515, 'There is no Desktop Computer more priceworthy.')
,(28, '2017-11-19', 'LaptopLads Graphics Card', 'Graphics Card', 'Computer Parts', 1459, 6186, 'There is no Graphics Card more priceworthy.')
,(29, '2019-08-30', 'DigitalDreams Desktop Computer', 'Desktop Computer', 'Prebuilt', 2230, 7920, 'This is the best Desktop Computer you will find.')
,(30, '2018-05-24', 'TechTerritory RAM', 'RAM', 'Computer Parts', 139, 3143, 'This is the best RAM you will find.')
,(31, '2015-09-13', 'LaptopLads Laptop Computer', 'Laptop Computer', 'Prebuilt', 1437, 3293, 'This is the best Laptop Computer you will find.')
,(32, '2017-12-19', 'DigitalDreams Speakers', 'Speakers', 'Accessories', 228, 9641, 'This is the best Speakers you will find.')
,(33, '2015-08-16', 'TechTerritory RAM', 'RAM', 'Computer Parts', 87, 3224, 'Alan Turing would buy this RAM.')
,(34, '2017-09-13', 'CyberCorner Laptop Computer', 'Laptop Computer', 'Prebuilt', 1247, 6924, 'Alan Turing would buy this Laptop Computer.')
,(35, '2018-08-18', 'CyberCorner CPU', 'CPU', 'Computer Parts', 994, 6587, 'This is the CPU for you.')
,(36, '2021-11-29', 'ByteBarn RAM', 'RAM', 'Computer Parts', 107, 3530, 'Alan Turing would buy this RAM.')
,(37, '2019-02-23', 'TechTerritory RAM', 'RAM', 'Computer Parts', 125, 7451, 'This is the best RAM you will find.')
,(38, '2019-07-10', 'DigitalDreams Charger', 'Charger', 'Accessories', 96, 2786, 'This is the Charger for you.')
,(39, '2022-09-19', 'DigitalDreams Laptop Computer', 'Laptop Computer', 'Prebuilt', 959, 435, 'Alan Turing would buy this Laptop Computer.')
,(40, '2016-11-30', 'CyberCorner Graphics Card', 'Graphics Card', 'Computer Parts', 294, 2554, 'This is the Graphics Card for you.')
,(41, '2017-02-20', 'ByteBarn Desktop Computer', 'Desktop Computer', 'Prebuilt', 925, 9187, 'There is no Desktop Computer more priceworthy.')
,(42, '2019-05-16', 'LogicLane Charger', 'Charger', 'Accessories', 76, 4569, 'This is the Charger for you.')
,(43, '2016-08-16', 'LogicLane Desktop Computer', 'Desktop Computer', 'Prebuilt', 2766, 9476, 'Alan Turing would buy this Desktop Computer.')
,(44, '2022-03-04', 'CircuitCity Graphics Card', 'Graphics Card', 'Computer Parts', 947, 6224, 'This is the Graphics Card for you.')
,(45, '2022-05-29', 'LaptopLads CPU', 'CPU', 'Computer Parts', 758, 6067, 'This is the best CPU you will find.')
,(46, '2015-08-18', 'DigitalDreams Speakers', 'Speakers', 'Accessories', 246, 8815, 'Alan Turing would buy this Speakers.')
,(47, '2015-05-02', 'CircuitCity Laptop Computer', 'Laptop Computer', 'Prebuilt', 1560, 157, 'There is no Laptop Computer more priceworthy.')
,(48, '2020-09-29', 'ByteBarn Laptop Computer', 'Laptop Computer', 'Prebuilt', 1791, 1366, 'This is the Laptop Computer for you.')
,(49, '2016-09-26', 'DesktopDen Monitor', 'Monitor', 'Accessories', 273, 2810, 'There is no Monitor more priceworthy.')
,(50, '2015-08-22', 'ByteBarn CPU', 'CPU', 'Computer Parts', 237, 7733, 'There is no CPU more priceworthy.')
,(51, '2015-08-29', 'TechTerritory Speakers', 'Speakers', 'Accessories', 98, 2895, 'This is the Speakers for you.')
,(52, '2022-12-11', 'CircuitCity Monitor', 'Monitor', 'Accessories', 527, 8807, 'This is the Monitor for you.')
,(53, '2016-01-30', 'TechTerritory Desktop Computer', 'Desktop Computer', 'Prebuilt', 1007, 868, 'This is the best Desktop Computer you will find.')
,(54, '2021-10-31', 'CircuitCity Monitor', 'Monitor', 'Accessories', 868, 9867, 'Alan Turing would buy this Monitor.')
,(55, '2017-03-14', 'CircuitCity Graphics Card', 'Graphics Card', 'Computer Parts', 702, 9624, 'There is no Graphics Card more priceworthy.')
,(56, '2016-06-17', 'CyberCorner Charger', 'Charger', 'Accessories', 54, 8034, 'Alan Turing would buy this Charger.')
,(57, '2020-06-04', 'CircuitCity Desktop Computer', 'Desktop Computer', 'Prebuilt', 653, 8850, 'Alan Turing would buy this Desktop Computer.')
,(58, '2016-09-30', 'CyberCorner Speakers', 'Speakers', 'Accessories', 102, 6927, 'Alan Turing would buy this Speakers.')
,(59, '2016-05-25', 'TechTerritory CPU', 'CPU', 'Computer Parts', 332, 3012, 'This is the CPU for you.')
,(60, '2015-06-27', 'DigitalDreams Desktop Computer', 'Desktop Computer', 'Prebuilt', 1582, 1428, 'This is the best Desktop Computer you will find.')
,(61, '2022-03-15', 'CircuitCity Monitor', 'Monitor', 'Accessories', 918, 2616, 'There is no Monitor more priceworthy.')
,(62, '2015-04-26', 'ByteBarn RAM', 'RAM', 'Computer Parts', 59, 9875, 'Alan Turing would buy this RAM.')
,(63, '2016-06-20', 'CyberCorner Speakers', 'Speakers', 'Accessories', 183, 3701, 'This is the best Speakers you will find.')
,(64, '2015-08-26', 'TechTerritory Laptop Computer', 'Laptop Computer', 'Prebuilt', 917, 7277, 'There is no Laptop Computer more priceworthy.')
,(65, '2020-11-12', 'DesktopDen Desktop Computer', 'Desktop Computer', 'Prebuilt', 2789, 5996, 'Alan Turing would buy this Desktop Computer.')
,(66, '2019-04-25', 'LogicLane Monitor', 'Monitor', 'Accessories', 566, 9814, 'This is the best Monitor you will find.')
,(67, '2018-05-05', 'LogicLane CPU', 'CPU', 'Computer Parts', 742, 8552, 'This is the best CPU you will find.')
,(68, '2016-01-04', 'LaptopLads Laptop Computer', 'Laptop Computer', 'Prebuilt', 1884, 3726, 'This is the best Laptop Computer you will find.')
,(69, '2015-04-16', 'CyberCorner RAM', 'RAM', 'Computer Parts', 50, 4544, 'There is no RAM more priceworthy.')
,(70, '2016-05-25', 'DesktopDen RAM', 'RAM', 'Computer Parts', 131, 7712, 'This is the RAM for you.')
,(71, '2015-12-21', 'DigitalDreams Laptop Computer', 'Laptop Computer', 'Prebuilt', 1471, 694, 'This is the Laptop Computer for you.')
,(72, '2017-10-05', 'ByteBarn RAM', 'RAM', 'Computer Parts', 90, 5820, 'This is the best RAM you will find.')
,(73, '2016-07-17', 'DigitalDreams Charger', 'Charger', 'Accessories', 63, 8952, 'Alan Turing would buy this Charger.')
,(74, '2015-11-28', 'LaptopLads Speakers', 'Speakers', 'Accessories', 171, 2854, 'Alan Turing would buy this Speakers.')
,(75, '2022-10-30', 'LogicLane Graphics Card', 'Graphics Card', 'Computer Parts', 1220, 9562, 'This is the Graphics Card for you.')
,(76, '2018-08-12', 'CyberCorner Laptop Computer', 'Laptop Computer', 'Prebuilt', 892, 6348, 'Alan Turing would buy this Laptop Computer.')
,(77, '2020-02-07', 'CyberCorner Speakers', 'Speakers', 'Accessories', 259, 1908, 'This is the Speakers for you.')
,(78, '2016-04-19', 'LaptopLads Charger', 'Charger', 'Accessories', 32, 5477, 'Alan Turing would buy this Charger.')
,(79, '2023-04-10', 'CircuitCity Charger', 'Charger', 'Accessories', 72, 4934, 'There is no Charger more priceworthy.')
,(80, '2017-05-26', 'DigitalDreams Monitor', 'Monitor', 'Accessories', 537, 7956, 'This is the Monitor for you.')
,(81, '2019-04-08', 'LaptopLads Laptop Computer', 'Laptop Computer', 'Prebuilt', 1419, 2308, 'There is no Laptop Computer more priceworthy.')
,(82, '2015-10-27', 'LogicLane CPU', 'CPU', 'Computer Parts', 914, 324, 'This is the best CPU you will find.')
,(83, '2019-04-02', 'CyberCorner Monitor', 'Monitor', 'Accessories', 538, 8980, 'This is the best Monitor you will find.')
,(84, '2015-11-19', 'LogicLane Desktop Computer', 'Desktop Computer', 'Prebuilt', 2548, 6640, 'This is the best Desktop Computer you will find.')
,(85, '2015-10-09', 'CyberCorner Speakers', 'Speakers', 'Accessories', 106, 1388, 'There is no Speakers more priceworthy.')
,(86, '2018-01-27', 'LaptopLads Speakers', 'Speakers', 'Accessories', 142, 7975, 'There is no Speakers more priceworthy.')
,(87, '2016-12-25', 'CircuitCity Graphics Card', 'Graphics Card', 'Computer Parts', 470, 7141, 'Alan Turing would buy this Graphics Card.')
,(88, '2022-04-25', 'TechTerritory RAM', 'RAM', 'Computer Parts', 146, 4822, 'This is the RAM for you.')
,(89, '2019-03-23', 'CyberCorner CPU', 'CPU', 'Computer Parts', 258, 7593, 'This is the best CPU you will find.')
,(90, '2019-10-19', 'LogicLane RAM', 'RAM', 'Computer Parts', 52, 1662, 'This is the RAM for you.')
,(91, '2017-09-29', 'DesktopDen RAM', 'RAM', 'Computer Parts', 121, 4757, 'There is no RAM more priceworthy.')
,(92, '2016-05-27', 'DigitalDreams Monitor', 'Monitor', 'Accessories', 943, 5235, 'There is no Monitor more priceworthy.')
,(93, '2019-12-05', 'ByteBarn Speakers', 'Speakers', 'Accessories', 66, 1497, 'Alan Turing would buy this Speakers.')
,(94, '2018-08-18', 'ByteBarn Monitor', 'Monitor', 'Accessories', 768, 9587, 'This is the best Monitor you will find.')
,(95, '2016-08-09', 'TechTerritory CPU', 'CPU', 'Computer Parts', 436, 6490, 'There is no CPU more priceworthy.')
,(96, '2019-05-02', 'ByteBarn Laptop Computer', 'Laptop Computer', 'Prebuilt', 1686, 2715, 'There is no Laptop Computer more priceworthy.')
,(97, '2018-03-28', 'CyberCorner Laptop Computer', 'Laptop Computer', 'Prebuilt', 1530, 6592, 'This is the Laptop Computer for you.')
,(98, '2016-09-14', 'LogicLane Laptop Computer', 'Laptop Computer', 'Prebuilt', 1786, 9027, 'There is no Laptop Computer more priceworthy.')
,(99, '2016-11-28', 'DigitalDreams Speakers', 'Speakers', 'Accessories', 177, 3783, 'This is the best Speakers you will find.')
,(100, '2021-02-14', 'DesktopDen Speakers', 'Speakers', 'Accessories', 268, 1902, 'There is no Speakers more priceworthy.')
,(101, '2017-09-05', 'LogicLane Charger', 'Charger', 'Accessories', 66, 1863, 'This is the best Charger you will find.')
,(102, '2022-12-11', 'TechTerritory CPU', 'CPU', 'Computer Parts', 756, 8393, 'This is the CPU for you.')
,(103, '2018-08-18', 'ByteBarn Speakers', 'Speakers', 'Accessories', 296, 6823, 'This is the best Speakers you will find.')
,(104, '2019-04-04', 'LogicLane Graphics Card', 'Graphics Card', 'Computer Parts', 529, 4637, 'This is the Graphics Card for you.')
,(105, '2018-03-17', 'CyberCorner Laptop Computer', 'Laptop Computer', 'Prebuilt', 611, 8945, 'This is the Laptop Computer for you.')
,(106, '2021-10-13', 'TechTerritory Laptop Computer', 'Laptop Computer', 'Prebuilt', 1028, 4822, 'This is the best Laptop Computer you will find.')
,(107, '2016-12-02', 'LogicLane Charger', 'Charger', 'Accessories', 92, 3229, 'Alan Turing would buy this Charger.')
,(108, '2021-04-27', 'LogicLane Speakers', 'Speakers', 'Accessories', 197, 4901, 'This is the Speakers for you.')
,(109, '2019-01-19', 'CircuitCity Desktop Computer', 'Desktop Computer', 'Prebuilt', 1232, 9048, 'This is the best Desktop Computer you will find.')
,(110, '2019-02-14', 'LogicLane Laptop Computer', 'Laptop Computer', 'Prebuilt', 1475, 1684, 'This is the best Laptop Computer you will find.')
,(111, '2016-03-28', 'CircuitCity Graphics Card', 'Graphics Card', 'Computer Parts', 493, 2438, 'Alan Turing would buy this Graphics Card.')
,(112, '2019-04-14', 'DesktopDen CPU', 'CPU', 'Computer Parts', 258, 9021, 'Alan Turing would buy this CPU.')
,(113, '2019-12-24', 'CyberCorner Desktop Computer', 'Desktop Computer', 'Prebuilt', 863, 8907, 'Alan Turing would buy this Desktop Computer.')
,(114, '2021-07-01', 'DesktopDen Speakers', 'Speakers', 'Accessories', 213, 7927, 'Alan Turing would buy this Speakers.')
,(115, '2018-05-18', 'DesktopDen Monitor', 'Monitor', 'Accessories', 185, 198, 'Alan Turing would buy this Monitor.')
,(116, '2022-04-09', 'LogicLane CPU', 'CPU', 'Computer Parts', 535, 9323, 'There is no CPU more priceworthy.')
,(117, '2018-02-24', 'TechTerritory CPU', 'CPU', 'Computer Parts', 147, 9504, 'Alan Turing would buy this CPU.')
,(118, '2021-07-15', 'LaptopLads Desktop Computer', 'Desktop Computer', 'Prebuilt', 2098, 8179, 'This is the Desktop Computer for you.')
,(119, '2018-02-03', 'CircuitCity Laptop Computer', 'Laptop Computer', 'Prebuilt', 1068, 9060, 'There is no Laptop Computer more priceworthy.')
,(120, '2018-11-10', 'LogicLane Laptop Computer', 'Laptop Computer', 'Prebuilt', 1430, 1904, 'This is the best Laptop Computer you will find.')
,(121, '2018-08-04', 'DigitalDreams Desktop Computer', 'Desktop Computer', 'Prebuilt', 2220, 543, 'This is the best Desktop Computer you will find.')
,(122, '2017-05-28', 'CircuitCity Desktop Computer', 'Desktop Computer', 'Prebuilt', 1701, 3182, 'Alan Turing would buy this Desktop Computer.')
,(123, '2020-06-10', 'ByteBarn Graphics Card', 'Graphics Card', 'Computer Parts', 1210, 4235, 'This is the best Graphics Card you will find.')
,(124, '2018-05-24', 'ByteBarn RAM', 'RAM', 'Computer Parts', 177, 5775, 'There is no RAM more priceworthy.')
,(125, '2022-02-06', 'CircuitCity RAM', 'RAM', 'Computer Parts', 196, 1476, 'Alan Turing would buy this RAM.')
,(126, '2015-07-04', 'DigitalDreams Graphics Card', 'Graphics Card', 'Computer Parts', 1164, 6035, 'Alan Turing would buy this Graphics Card.')
,(127, '2015-11-13', 'TechTerritory Graphics Card', 'Graphics Card', 'Computer Parts', 402, 8337, 'Alan Turing would buy this Graphics Card.')
,(128, '2016-11-22', 'TechTerritory Charger', 'Charger', 'Accessories', 59, 4396, 'Alan Turing would buy this Charger.')
,(129, '2016-05-04', 'LogicLane Graphics Card', 'Graphics Card', 'Computer Parts', 383, 4974, 'This is the best Graphics Card you will find.')
,(130, '2018-06-23', 'ByteBarn Speakers', 'Speakers', 'Accessories', 77, 2093, 'There is no Speakers more priceworthy.')
,(131, '2015-10-15', 'CyberCorner CPU', 'CPU', 'Computer Parts', 241, 9409, 'There is no CPU more priceworthy.')
,(132, '2021-04-27', 'DigitalDreams RAM', 'RAM', 'Computer Parts', 178, 7719, 'There is no RAM more priceworthy.')
,(133, '2017-12-06', 'TechTerritory Monitor', 'Monitor', 'Accessories', 709, 4142, 'There is no Monitor more priceworthy.')
,(134, '2022-07-21', 'ByteBarn CPU', 'CPU', 'Computer Parts', 611, 758, 'There is no CPU more priceworthy.')
,(135, '2016-11-26', 'LogicLane CPU', 'CPU', 'Computer Parts', 588, 6558, 'This is the CPU for you.')
,(136, '2017-07-16', 'DigitalDreams Desktop Computer', 'Desktop Computer', 'Prebuilt', 2719, 7935, 'Alan Turing would buy this Desktop Computer.')
,(137, '2017-04-02', 'CircuitCity Desktop Computer', 'Desktop Computer', 'Prebuilt', 2288, 7131, 'This is the Desktop Computer for you.')
,(138, '2016-10-06', 'DesktopDen Desktop Computer', 'Desktop Computer', 'Prebuilt', 2979, 3534, 'This is the best Desktop Computer you will find.')
,(139, '2022-04-15', 'LaptopLads CPU', 'CPU', 'Computer Parts', 832, 1229, 'This is the best CPU you will find.')
,(140, '2015-09-22', 'ByteBarn CPU', 'CPU', 'Computer Parts', 398, 8592, 'This is the best CPU you will find.')
,(141, '2016-04-06', 'LaptopLads Desktop Computer', 'Desktop Computer', 'Prebuilt', 1134, 9969, 'There is no Desktop Computer more priceworthy.')
,(142, '2015-10-08', 'DesktopDen Graphics Card', 'Graphics Card', 'Computer Parts', 1339, 4755, 'There is no Graphics Card more priceworthy.')
,(143, '2021-11-11', 'DesktopDen Desktop Computer', 'Desktop Computer', 'Prebuilt', 2305, 6964, 'Alan Turing would buy this Desktop Computer.')
,(144, '2016-05-31', 'CircuitCity Monitor', 'Monitor', 'Accessories', 641, 9881, 'Alan Turing would buy this Monitor.')
,(145, '2017-07-22', 'LaptopLads RAM', 'RAM', 'Computer Parts', 126, 4981, 'There is no RAM more priceworthy.')
,(146, '2019-07-30', 'CircuitCity Laptop Computer', 'Laptop Computer', 'Prebuilt', 1956, 6901, 'This is the best Laptop Computer you will find.')
,(147, '2019-08-09', 'DigitalDreams Desktop Computer', 'Desktop Computer', 'Prebuilt', 2909, 5377, 'This is the Desktop Computer for you.')
,(148, '2015-11-13', 'LogicLane Charger', 'Charger', 'Accessories', 97, 8408, 'This is the Charger for you.')
,(149, '2017-12-22', 'CircuitCity Speakers', 'Speakers', 'Accessories', 287, 2032, 'Alan Turing would buy this Speakers.')
,(150, '2018-05-18', 'CircuitCity Charger', 'Charger', 'Accessories', 82, 2185, 'This is the best Charger you will find.')
,(151, '2016-11-20', 'CircuitCity CPU', 'CPU', 'Computer Parts', 872, 4623, 'Alan Turing would buy this CPU.')
,(152, '2020-03-17', 'TechTerritory Speakers', 'Speakers', 'Accessories', 88, 9336, 'This is the Speakers for you.')
,(153, '2021-06-28', 'LaptopLads Desktop Computer', 'Desktop Computer', 'Prebuilt', 2409, 1751, 'This is the best Desktop Computer you will find.')
,(154, '2015-06-09', 'LogicLane CPU', 'CPU', 'Computer Parts', 821, 2484, 'This is the CPU for you.')
,(155, '2016-07-25', 'LaptopLads CPU', 'CPU', 'Computer Parts', 697, 6419, 'This is the CPU for you.')
,(156, '2016-08-20', 'DigitalDreams Graphics Card', 'Graphics Card', 'Computer Parts', 1134, 1376, 'There is no Graphics Card more priceworthy.')
,(157, '2020-05-03', 'CircuitCity Graphics Card', 'Graphics Card', 'Computer Parts', 574, 8580, 'This is the best Graphics Card you will find.')
,(158, '2020-09-08', 'LogicLane RAM', 'RAM', 'Computer Parts', 131, 917, 'Alan Turing would buy this RAM.')
,(159, '2016-11-13', 'ByteBarn CPU', 'CPU', 'Computer Parts', 166, 574, 'This is the best CPU you will find.')
,(160, '2019-04-14', 'LogicLane Desktop Computer', 'Desktop Computer', 'Prebuilt', 523, 6941, 'This is the best Desktop Computer you will find.')
,(161, '2016-10-25', 'LogicLane RAM', 'RAM', 'Computer Parts', 121, 61, 'This is the best RAM you will find.')
,(162, '2017-10-25', 'DesktopDen Monitor', 'Monitor', 'Accessories', 473, 4699, 'There is no Monitor more priceworthy.')
,(163, '2022-02-22', 'DesktopDen CPU', 'CPU', 'Computer Parts', 792, 8981, 'There is no CPU more priceworthy.')
,(164, '2015-07-08', 'DesktopDen CPU', 'CPU', 'Computer Parts', 185, 4364, 'This is the best CPU you will find.')
,(165, '2021-12-06', 'TechTerritory Graphics Card', 'Graphics Card', 'Computer Parts', 567, 970, 'Alan Turing would buy this Graphics Card.')
,(166, '2017-12-09', 'TechTerritory Graphics Card', 'Graphics Card', 'Computer Parts', 644, 604, 'There is no Graphics Card more priceworthy.')
,(167, '2019-03-27', 'CyberCorner Graphics Card', 'Graphics Card', 'Computer Parts', 497, 7075, 'Alan Turing would buy this Graphics Card.')
,(168, '2019-12-05', 'CircuitCity Speakers', 'Speakers', 'Accessories', 88, 723, 'There is no Speakers more priceworthy.')
,(169, '2017-02-08', 'CircuitCity RAM', 'RAM', 'Computer Parts', 176, 7319, 'Alan Turing would buy this RAM.')
,(170, '2020-02-05', 'TechTerritory Monitor', 'Monitor', 'Accessories', 633, 8925, 'There is no Monitor more priceworthy.')
,(171, '2020-10-01', 'LaptopLads Graphics Card', 'Graphics Card', 'Computer Parts', 1179, 9114, 'This is the Graphics Card for you.')
,(172, '2019-06-14', 'TechTerritory Desktop Computer', 'Desktop Computer', 'Prebuilt', 508, 5068, 'Alan Turing would buy this Desktop Computer.')
,(173, '2015-08-11', 'DesktopDen Graphics Card', 'Graphics Card', 'Computer Parts', 1004, 3156, 'This is the Graphics Card for you.')
,(174, '2016-02-27', 'DesktopDen Charger', 'Charger', 'Accessories', 83, 7042, 'This is the Charger for you.')
,(175, '2019-06-09', 'CyberCorner Graphics Card', 'Graphics Card', 'Computer Parts', 1049, 7993, 'Alan Turing would buy this Graphics Card.')
,(176, '2016-01-02', 'LogicLane CPU', 'CPU', 'Computer Parts', 415, 1144, 'Alan Turing would buy this CPU.')
,(177, '2016-11-28', 'LogicLane CPU', 'CPU', 'Computer Parts', 928, 4761, 'Alan Turing would buy this CPU.')
,(178, '2016-05-28', 'CyberCorner Monitor', 'Monitor', 'Accessories', 406, 7274, 'Alan Turing would buy this Monitor.')
,(179, '2017-01-30', 'LaptopLads RAM', 'RAM', 'Computer Parts', 51, 2832, 'This is the best RAM you will find.')
,(180, '2019-08-15', 'DesktopDen Graphics Card', 'Graphics Card', 'Computer Parts', 717, 2179, 'Alan Turing would buy this Graphics Card.')
,(181, '2015-09-29', 'ByteBarn Laptop Computer', 'Laptop Computer', 'Prebuilt', 1449, 7557, 'This is the best Laptop Computer you will find.')
,(182, '2020-07-16', 'DigitalDreams Charger', 'Charger', 'Accessories', 40, 4373, 'Alan Turing would buy this Charger.')
,(183, '2022-09-25', 'CyberCorner Desktop Computer', 'Desktop Computer', 'Prebuilt', 1576, 450, 'Alan Turing would buy this Desktop Computer.')
,(184, '2016-06-15', 'DesktopDen Graphics Card', 'Graphics Card', 'Computer Parts', 1257, 2422, 'This is the Graphics Card for you.')
,(185, '2018-03-30', 'CircuitCity CPU', 'CPU', 'Computer Parts', 255, 9838, 'Alan Turing would buy this CPU.')
,(186, '2018-08-12', 'CircuitCity Graphics Card', 'Graphics Card', 'Computer Parts', 234, 4718, 'Alan Turing would buy this Graphics Card.')
,(187, '2022-02-06', 'CircuitCity Laptop Computer', 'Laptop Computer', 'Prebuilt', 652, 7521, 'This is the best Laptop Computer you will find.')
,(188, '2015-05-20', 'LogicLane Laptop Computer', 'Laptop Computer', 'Prebuilt', 760, 6164, 'Alan Turing would buy this Laptop Computer.')
,(189, '2017-03-28', 'LogicLane Laptop Computer', 'Laptop Computer', 'Prebuilt', 936, 7255, 'This is the Laptop Computer for you.')
,(190, '2018-05-18', 'ByteBarn Laptop Computer', 'Laptop Computer', 'Prebuilt', 1446, 9665, 'This is the best Laptop Computer you will find.')
,(191, '2023-02-08', 'DigitalDreams CPU', 'CPU', 'Computer Parts', 968, 5215, 'This is the CPU for you.')
,(192, '2018-08-18', 'DigitalDreams Graphics Card', 'Graphics Card', 'Computer Parts', 819, 2242, 'This is the best Graphics Card you will find.')
,(193, '2019-08-19', 'ByteBarn Graphics Card', 'Graphics Card', 'Computer Parts', 1411, 8470, 'This is the best Graphics Card you will find.')
,(194, '2016-08-01', 'LaptopLads Monitor', 'Monitor', 'Accessories', 212, 436, 'There is no Monitor more priceworthy.')
,(195, '2017-08-02', 'DesktopDen Speakers', 'Speakers', 'Accessories', 170, 5541, 'There is no Speakers more priceworthy.')
,(196, '2016-10-06', 'CircuitCity Graphics Card', 'Graphics Card', 'Computer Parts', 814, 5762, 'Alan Turing would buy this Graphics Card.')
,(197, '2018-07-15', 'CyberCorner RAM', 'RAM', 'Computer Parts', 91, 7726, 'Alan Turing would buy this RAM.')
,(198, '2018-05-10', 'LaptopLads Graphics Card', 'Graphics Card', 'Computer Parts', 1060, 848, 'This is the best Graphics Card you will find.')
,(199, '2019-08-17', 'DesktopDen Laptop Computer', 'Laptop Computer', 'Prebuilt', 1320, 5761, 'Alan Turing would buy this Laptop Computer.')
,(200, '2015-03-25', 'ByteBarn Desktop Computer', 'Desktop Computer', 'Prebuilt', 1343, 7570, 'This is the best Desktop Computer you will find.');

INSERT INTO orders(order_id, cust_id, order_status, order_date) VALUES(1, 777, 1, '2021-11-15')
,(2, 275, 2, '2017-10-05')
,(3, 812, 0, '2019-04-18')
,(4, 130, 3, '2018-06-19')
,(5, 704, 0, '2018-09-11')
,(6, 5, 0, '2018-05-28')
,(7, 717, 1, '2023-01-29')
,(8, 328, 0, '2018-03-05')
,(9, 446, 2, '2022-06-28')
,(10, 159, 3, '2018-12-08')
,(11, 69, 2, '2015-11-14')
,(12, 468, 3, '2017-02-28')
,(13, 626, 1, '2015-05-02')
,(14, 344, 2, '2018-06-09')
,(15, 236, 2, '2017-12-23')
,(16, 561, 2, '2022-05-09')
,(17, 578, 1, '2016-12-03')
,(18, 977, 2, '2015-05-31')
,(19, 764, 3, '2017-04-20')
,(20, 905, 0, '2022-01-18')
,(21, 744, 3, '2020-01-17')
,(22, 485, 2, '2018-07-24')
,(23, 6, 3, '2019-03-08')
,(24, 870, 3, '2016-02-03')
,(25, 302, 3, '2021-02-07')
,(26, 684, 1, '2019-08-20')
,(27, 540, 2, '2016-08-25')
,(28, 893, 2, '2019-01-03')
,(29, 237, 3, '2015-12-28')
,(30, 788, 1, '2021-01-08')
,(31, 881, 1, '2022-04-29')
,(32, 585, 3, '2019-10-30')
,(33, 568, 2, '2017-04-16')
,(34, 818, 0, '2020-08-14')
,(35, 800, 2, '2015-10-17')
,(36, 370, 0, '2015-12-27')
,(37, 638, 0, '2020-07-29')
,(38, 210, 0, '2019-11-29')
,(39, 583, 1, '2018-07-06')
,(40, 65, 0, '2018-11-12')
,(41, 963, 2, '2019-06-05')
,(42, 681, 3, '2019-06-01')
,(43, 834, 0, '2020-01-25')
,(44, 732, 0, '2015-07-27')
,(45, 469, 0, '2019-05-05')
,(46, 127, 3, '2019-01-30')
,(47, 433, 3, '2016-01-07')
,(48, 149, 2, '2019-09-29')
,(49, 529, 0, '2022-05-11')
,(50, 334, 3, '2019-05-14')
,(51, 503, 3, '2016-07-15')
,(52, 876, 0, '2020-10-31')
,(53, 5, 2, '2018-07-23')
,(54, 184, 0, '2017-10-25')
,(55, 150, 3, '2021-07-16')
,(56, 137, 3, '2017-10-13')
,(57, 942, 3, '2020-02-08')
,(58, 206, 2, '2022-02-10')
,(59, 697, 1, '2017-01-01')
,(60, 307, 1, '2018-06-17')
,(61, 129, 3, '2020-10-04')
,(62, 750, 3, '2018-01-08')
,(63, 343, 3, '2017-03-14')
,(64, 654, 1, '2018-05-05')
,(65, 4, 2, '2016-09-04')
,(66, 734, 2, '2021-12-26')
,(67, 994, 1, '2021-12-11')
,(68, 30, 2, '2016-06-23')
,(69, 433, 1, '2016-12-28')
,(70, 969, 2, '2019-01-11')
,(71, 21, 1, '2017-06-17')
,(72, 274, 2, '2021-11-13')
,(73, 968, 0, '2015-12-13')
,(74, 560, 2, '2015-11-07')
,(75, 566, 1, '2018-01-18')
,(76, 360, 1, '2021-11-16')
,(77, 889, 1, '2019-02-19')
,(78, 30, 0, '2020-07-01')
,(79, 408, 0, '2015-08-07')
,(80, 529, 1, '2019-03-04')
,(81, 812, 1, '2022-02-26')
,(82, 984, 1, '2015-07-23')
,(83, 12, 3, '2016-02-12')
,(84, 870, 0, '2015-11-02')
,(85, 768, 2, '2015-10-10')
,(86, 248, 3, '2017-03-15')
,(87, 93, 3, '2022-01-06')
,(88, 976, 0, '2018-06-23')
,(89, 132, 2, '2018-05-14')
,(90, 621, 3, '2022-04-20')
,(91, 154, 2, '2019-08-09')
,(92, 31, 0, '2020-06-02')
,(93, 807, 1, '2019-12-25')
,(94, 754, 2, '2018-10-01')
,(95, 2, 1, '2019-03-25')
,(96, 77, 2, '2022-11-19')
,(97, 982, 3, '2023-02-03')
,(98, 232, 1, '2018-05-24')
,(99, 377, 1, '2020-03-06')
,(100, 442, 2, '2020-05-31')
,(101, 163, 0, '2021-07-31')
,(102, 976, 3, '2020-07-04')
,(103, 1, 1, '2017-12-21')
,(104, 755, 3, '2016-08-24')
,(105, 731, 2, '2017-09-03')
,(106, 752, 2, '2021-01-09')
,(107, 760, 1, '2023-02-06')
,(108, 705, 1, '2021-04-16')
,(109, 847, 2, '2018-01-05')
,(110, 885, 2, '2021-07-31')
,(111, 303, 1, '2020-12-17')
,(112, 841, 3, '2021-12-29')
,(113, 677, 0, '2020-07-09')
,(114, 154, 0, '2021-01-01')
,(115, 840, 0, '2017-09-01')
,(116, 762, 2, '2022-12-13')
,(117, 636, 0, '2020-07-21')
,(118, 338, 0, '2016-09-03')
,(119, 915, 3, '2017-03-10')
,(120, 451, 2, '2017-10-13')
,(121, 573, 1, '2021-06-17')
,(122, 507, 2, '2016-03-07')
,(123, 177, 2, '2022-10-08')
,(124, 368, 0, '2015-05-26')
,(125, 660, 0, '2019-02-24')
,(126, 99, 0, '2017-10-29')
,(127, 544, 0, '2015-06-19')
,(128, 210, 2, '2023-03-03')
,(129, 404, 0, '2022-06-21')
,(130, 841, 3, '2019-10-11')
,(131, 745, 2, '2016-06-10')
,(132, 820, 0, '2022-03-27')
,(133, 394, 2, '2018-09-17')
,(134, 601, 2, '2016-11-05')
,(135, 957, 1, '2018-03-21')
,(136, 339, 2, '2019-08-29')
,(137, 317, 2, '2017-11-15')
,(138, 970, 1, '2023-01-10')
,(139, 709, 0, '2020-01-20')
,(140, 686, 2, '2017-09-26')
,(141, 94, 1, '2018-01-21')
,(142, 596, 1, '2016-03-06')
,(143, 242, 2, '2016-04-23')
,(144, 103, 3, '2017-04-06')
,(145, 360, 2, '2019-05-25')
,(146, 458, 1, '2021-02-16')
,(147, 207, 1, '2016-10-26')
,(148, 876, 3, '2020-01-04')
,(149, 801, 3, '2017-06-24')
,(150, 923, 0, '2022-03-08')
,(151, 334, 3, '2019-09-18')
,(152, 739, 3, '2016-06-24')
,(153, 69, 0, '2019-10-08')
,(154, 552, 0, '2019-11-17')
,(155, 275, 1, '2021-11-29')
,(156, 406, 1, '2021-07-08')
,(157, 514, 3, '2016-10-30')
,(158, 464, 2, '2022-10-19')
,(159, 769, 2, '2021-08-02')
,(160, 35, 2, '2022-03-04')
,(161, 683, 1, '2021-12-04')
,(162, 983, 3, '2017-09-23')
,(163, 565, 2, '2022-08-05')
,(164, 494, 2, '2015-08-01')
,(165, 982, 2, '2017-05-02')
,(166, 3, 2, '2018-06-17')
,(167, 194, 2, '2016-11-27')
,(168, 178, 2, '2019-10-23')
,(169, 958, 3, '2019-04-22')
,(170, 892, 2, '2022-07-23')
,(171, 639, 2, '2022-02-10')
,(172, 94, 1, '2018-02-03')
,(173, 956, 0, '2016-11-06')
,(174, 918, 2, '2019-07-09')
,(175, 338, 2, '2015-04-24')
,(176, 208, 0, '2020-10-08')
,(177, 873, 1, '2016-03-25')
,(178, 892, 0, '2022-11-01')
,(179, 813, 0, '2023-01-16')
,(180, 995, 1, '2022-06-30')
,(181, 573, 2, '2015-08-07')
,(182, 136, 1, '2019-06-26')
,(183, 899, 3, '2021-05-22')
,(184, 121, 1, '2015-11-08')
,(185, 971, 1, '2017-04-27')
,(186, 622, 0, '2016-05-11')
,(187, 930, 3, '2016-06-12')
,(188, 211, 2, '2016-10-12')
,(189, 548, 0, '2017-03-22')
,(190, 268, 0, '2022-09-10')
,(191, 473, 0, '2021-09-02')
,(192, 764, 3, '2018-09-23')
,(193, 39, 2, '2020-07-16')
,(194, 958, 1, '2016-09-19')
,(195, 519, 0, '2018-03-26')
,(196, 624, 2, '2015-09-28')
,(197, 723, 1, '2022-11-26')
,(198, 666, 0, '2015-09-25')
,(199, 897, 2, '2018-07-15')
,(200, 436, 1, '2021-05-27');

INSERT INTO order_products(order_id, product_id, quantity) VALUES(109, 75, 3)
,(45, 184, 8)
,(124, 39, 2)
,(158, 122, 4)
,(175, 172, 1)
,(65, 178, 2)
,(159, 62, 6)
,(3, 83, 7)
,(29, 3, 4)
,(139, 95, 9)
,(180, 35, 1)
,(184, 114, 1)
,(33, 65, 10)
,(191, 2, 1)
,(200, 63, 2)
,(50, 187, 9)
,(41, 39, 5)
,(48, 164, 1)
,(88, 35, 2)
,(75, 75, 10)
,(109, 46, 2)
,(120, 139, 4)
,(112, 87, 4)
,(91, 156, 7)
,(158, 108, 2)
,(15, 178, 1)
,(189, 7, 1)
,(48, 39, 7)
,(6, 53, 1)
,(178, 147, 1)
,(91, 197, 1)
,(161, 88, 2)
,(147, 84, 1)
,(55, 8, 8)
,(196, 190, 2)
,(97, 100, 2)
,(138, 192, 2)
,(155, 179, 8)
,(102, 157, 9)
,(157, 14, 6)
,(152, 67, 9)
,(44, 89, 4)
,(124, 107, 2)
,(141, 6, 8)
,(198, 101, 1)
,(145, 185, 1)
,(24, 82, 5)
,(152, 187, 2)
,(107, 183, 2)
,(72, 36, 1)
,(29, 145, 1)
,(5, 185, 2)
,(94, 23, 1)
,(1, 26, 4)
,(90, 156, 2)
,(172, 116, 2)
,(184, 81, 4)
,(96, 141, 4)
,(180, 120, 8)
,(169, 135, 1)
,(179, 78, 2)
,(126, 194, 8)
,(134, 156, 1)
,(148, 132, 2)
,(133, 185, 6)
,(113, 160, 4)
,(42, 171, 1)
,(154, 133, 5)
,(69, 60, 9)
,(2, 108, 6)
,(133, 129, 6)
,(129, 8, 3)
,(150, 147, 8)
,(20, 38, 7)
,(50, 89, 2)
,(100, 58, 1)
,(101, 53, 4)
,(166, 121, 8)
,(16, 178, 4)
,(195, 87, 1)
,(8, 37, 4)
,(136, 73, 1)
,(25, 23, 4)
,(88, 22, 6)
,(150, 174, 2)
,(73, 33, 1)
,(53, 164, 1)
,(11, 28, 6)
,(101, 157, 6)
,(95, 10, 9)
,(193, 24, 9)
,(8, 97, 8)
,(165, 63, 1)
,(134, 143, 4)
,(15, 121, 5)
,(162, 114, 10)
,(74, 88, 1)
,(67, 105, 4)
,(46, 7, 4)
,(136, 174, 1)
,(117, 102, 1)
,(73, 56, 2)
,(141, 153, 2)
,(166, 97, 9)
,(168, 115, 1)
,(55, 75, 8)
,(104, 191, 1)
,(194, 46, 3)
,(92, 104, 6)
,(176, 30, 10)
,(174, 182, 8)
,(50, 193, 7)
,(26, 73, 1)
,(160, 10, 9)
,(58, 112, 3)
,(62, 93, 1)
,(168, 10, 1)
,(148, 139, 10)
,(119, 139, 4)
,(99, 148, 8)
,(52, 141, 3)
,(49, 111, 8)
,(139, 171, 7)
,(88, 63, 1)
,(173, 186, 4)
,(147, 79, 1)
,(114, 195, 2)
,(10, 118, 3)
,(183, 75, 6)
,(70, 137, 1)
,(58, 15, 1)
,(51, 115, 3)
,(66, 91, 1)
,(5, 119, 2)
,(150, 131, 1)
,(127, 18, 2)
,(185, 173, 1)
,(166, 99, 4)
,(133, 160, 4)
,(151, 198, 5)
,(115, 199, 1)
,(134, 193, 2)
,(200, 23, 1)
,(14, 170, 2)
,(175, 198, 1)
,(109, 182, 1)
,(45, 54, 2)
,(124, 73, 3)
,(158, 159, 7)
,(175, 15, 2)
,(65, 155, 1)
,(159, 60, 8)
,(3, 94, 3)
,(29, 32, 1)
,(139, 40, 7)
,(180, 57, 2)
,(184, 65, 4)
,(33, 73, 2)
,(191, 72, 4)
,(200, 27, 3)
,(50, 181, 1)
,(41, 137, 6)
,(48, 111, 3)
,(88, 134, 2)
,(75, 139, 10)
,(109, 180, 1)
,(120, 22, 6)
,(112, 116, 1)
,(91, 177, 2)
,(158, 6, 7)
,(15, 83, 1)
,(189, 188, 3)
,(48, 116, 1)
,(6, 131, 8)
,(178, 157, 5)
,(91, 10, 7)
,(161, 144, 10)
,(147, 158, 9)
,(55, 74, 2)
,(196, 177, 3)
,(97, 33, 2)
,(138, 125, 1)
,(155, 79, 1)
,(102, 26, 7)
,(157, 190, 5)
,(152, 95, 1)
,(44, 104, 1)
,(124, 111, 4)
,(141, 145, 4)
,(198, 151, 1)
,(145, 7, 1)
,(24, 83, 1)
,(152, 169, 3)
,(107, 194, 7)
,(72, 16, 1)
,(29, 126, 2)
,(5, 117, 2)
,(94, 158, 1)
,(1, 115, 5)
,(90, 58, 10)
,(172, 17, 5)
,(184, 37, 9)
,(96, 47, 1)
,(180, 132, 2)
,(169, 175, 1)
,(179, 8, 1)
,(126, 144, 4)
,(134, 34, 2)
,(148, 22, 4)
,(133, 184, 7)
,(113, 53, 7)
,(42, 59, 1)
,(154, 152, 5)
,(69, 138, 2)
,(2, 20, 3)
,(133, 3, 10)
,(129, 161, 4)
,(150, 21, 4)
,(20, 3, 1)
,(50, 173, 6)
,(100, 35, 1)
,(101, 72, 4)
,(166, 45, 7)
,(16, 18, 9)
,(195, 88, 1)
,(8, 176, 6)
,(136, 171, 2)
,(25, 185, 1)
,(88, 26, 1)
,(150, 23, 1)
,(73, 194, 5)
,(53, 174, 8)
,(11, 110, 3)
,(101, 107, 6)
,(95, 171, 1)
,(193, 39, 7)
,(8, 175, 1)
,(165, 190, 3)
,(134, 2, 7)
,(15, 36, 8)
,(162, 106, 2)
,(74, 93, 1)
,(67, 15, 9)
,(46, 57, 6)
,(136, 64, 3)
,(117, 58, 8)
,(73, 1, 8)
,(141, 170, 2)
,(166, 111, 4)
,(168, 30, 2)
,(55, 107, 2)
,(104, 58, 1)
,(194, 150, 1)
,(92, 98, 2)
,(176, 13, 2)
,(174, 30, 5)
,(52, 116, 4)
,(26, 199, 1)
,(160, 5, 3)
,(58, 66, 7)
,(62, 38, 6)
,(168, 46, 4)
,(148, 1, 3)
,(119, 43, 1)
,(99, 176, 1)
,(52, 190, 1)
,(48, 114, 7)
,(139, 51, 7)
,(88, 162, 3)
,(174, 153, 1)
,(147, 68, 9)
,(114, 18, 4)
,(10, 3, 1)
,(183, 199, 4)
,(70, 52, 9)
,(58, 199, 1)
,(51, 27, 3)
,(66, 41, 2)
,(5, 75, 2)
,(150, 11, 3)
,(127, 52, 3)
,(185, 177, 3)
,(166, 151, 3)
,(133, 109, 2)
,(151, 49, 10)
,(115, 66, 3)
,(134, 118, 7)
,(200, 180, 1)
,(14, 190, 8)
,(175, 141, 2)
,(109, 60, 1)
,(45, 92, 5)
,(124, 17, 4)
,(158, 69, 1)
,(175, 165, 2)
,(65, 68, 1)
,(159, 178, 1)
,(3, 165, 7)
,(29, 102, 9)
,(139, 7, 4)
,(180, 192, 1)
,(184, 97, 1)
,(33, 177, 1)
,(191, 173, 4)
,(200, 112, 4)
,(50, 108, 2)
,(41, 48, 4)
,(48, 2, 10)
,(88, 130, 6)
,(75, 2, 4)
,(109, 95, 10)
,(120, 161, 9)
,(112, 193, 1)
,(91, 124, 1)
,(158, 75, 7)
,(15, 179, 1)
,(189, 70, 2)
,(48, 30, 1)
,(6, 174, 1)
,(178, 185, 5)
,(91, 101, 1)
,(161, 135, 2)
,(147, 56, 1)
,(55, 83, 2)
,(196, 123, 3)
,(97, 191, 2)
,(138, 3, 2)
,(155, 99, 2)
,(102, 132, 4)
,(157, 168, 7)
,(152, 140, 10)
,(44, 60, 5)
,(124, 87, 3)
,(141, 188, 1)
,(198, 114, 1)
,(145, 2, 2)
,(24, 173, 2)
,(152, 58, 10)
,(107, 131, 1)
,(72, 184, 1)
,(29, 53, 8)
,(5, 25, 2)
,(94, 181, 6)
,(1, 114, 2)
,(90, 51, 1)
,(172, 183, 2)
,(184, 50, 2)
,(96, 94, 4)
,(180, 186, 3)
,(169, 83, 3)
,(179, 164, 1)
,(126, 64, 2)
,(134, 7, 1)
,(148, 7, 3)
,(133, 167, 1)
,(113, 104, 1)
,(42, 136, 6)
,(154, 117, 3)
,(69, 197, 5)
,(2, 156, 3)
,(133, 175, 4)
,(129, 111, 9)
,(150, 20, 1)
,(20, 134, 2)
,(50, 156, 4)
,(100, 114, 8)
,(101, 5, 1)
,(166, 58, 10)
,(16, 95, 2)
,(195, 108, 8)
,(8, 118, 4)
,(136, 173, 8)
,(25, 17, 8)
,(88, 30, 1)
,(150, 22, 10)
,(73, 43, 8)
,(53, 152, 1)
,(11, 64, 2)
,(101, 87, 3)
,(95, 104, 9)
,(193, 153, 3)
,(8, 164, 3)
,(165, 161, 7)
,(134, 60, 1)
,(15, 50, 4)
,(162, 75, 10)
,(74, 17, 10)
,(67, 48, 1)
,(46, 102, 2)
,(136, 12, 1)
,(117, 47, 8)
,(75, 106, 1)
,(141, 191, 1)
,(166, 92, 9)
,(168, 49, 2)
,(55, 180, 4)
,(104, 27, 4)
,(194, 193, 1)
,(92, 105, 4)
,(176, 131, 2)
,(174, 186, 7)
,(50, 55, 1)
,(26, 162, 10)
,(160, 109, 7)
,(58, 68, 3)
,(62, 180, 7)
,(168, 57, 1)
,(148, 34, 2)
,(119, 153, 2)
,(99, 16, 2)
,(52, 16, 5)
,(48, 43, 3)
,(139, 186, 4)
,(88, 171, 1)
,(174, 78, 1)
,(147, 44, 1)
,(114, 82, 4)
,(10, 158, 7)
,(183, 128, 1)
,(70, 50, 5)
,(58, 83, 4)
,(51, 110, 3)
,(66, 44, 1)
,(5, 78, 1)
,(155, 113, 6)
,(127, 166, 9)
,(185, 95, 10)
,(166, 119, 7)
,(133, 188, 1)
,(151, 20, 1)
,(115, 136, 9)
,(134, 170, 9)
,(200, 140, 7)
,(14, 145, 1)
,(175, 70, 2)
,(109, 84, 3)
,(45, 182, 8)
,(124, 97, 2)
,(158, 18, 1)
,(175, 14, 8)
,(65, 146, 4)
,(159, 83, 2)
,(3, 67, 2)
,(29, 42, 4)
,(139, 26, 6)
,(180, 5, 3)
,(184, 135, 1)
,(33, 97, 9)
,(191, 88, 10)
,(200, 88, 4)
,(50, 116, 1)
,(41, 88, 1)
,(48, 148, 1)
,(88, 66, 2)
,(75, 5, 2)
,(109, 28, 2)
,(120, 189, 1)
,(112, 95, 3)
,(91, 170, 9)
,(158, 14, 4)
,(15, 78, 3)
,(189, 173, 5)
,(48, 141, 4)
,(6, 169, 5)
,(178, 56, 1)
,(91, 15, 4)
,(161, 153, 10)
,(147, 42, 1)
,(55, 193, 5)
,(196, 165, 9)
,(97, 30, 2)
,(138, 72, 1)
,(155, 138, 2)
,(102, 43, 3)
,(157, 23, 10)
,(152, 104, 6)
,(44, 188, 2)
,(124, 147, 4)
,(141, 135, 2)
,(198, 179, 9)
,(145, 36, 3)
,(24, 189, 1)
,(152, 28, 3)
,(107, 124, 2)
,(72, 61, 2)
,(29, 24, 10)
,(5, 55, 1)
,(94, 200, 4)
,(1, 104, 7)
,(90, 101, 7)
,(172, 97, 2)
,(184, 48, 3)
,(96, 142, 1)
,(180, 105, 7)
,(169, 17, 1)
,(179, 106, 2)
,(126, 72, 9)
,(134, 33, 1)
,(148, 179, 1)
,(133, 192, 2)
,(113, 154, 9)
,(42, 2, 7)
,(154, 167, 1)
,(69, 189, 7)
,(2, 187, 2)
,(133, 181, 5)
,(129, 139, 1)
,(150, 139, 8)
,(20, 87, 7)
,(50, 57, 6)
,(100, 17, 8)
,(101, 170, 6)
,(166, 73, 6)
,(16, 31, 2)
,(195, 32, 1)
,(8, 75, 1)
,(136, 200, 1)
,(25, 152, 2)
,(88, 112, 3)
,(150, 168, 4)
,(73, 57, 5)
,(53, 183, 4)
,(11, 44, 2)
,(121, 46, 1)
,(95, 18, 4)
,(193, 193, 2)
,(8, 54, 2)
,(165, 171, 3)
,(134, 128, 2)
,(15, 149, 3)
,(162, 24, 1)
,(74, 67, 5)
,(67, 17, 2)
,(46, 84, 2)
,(136, 36, 6)
,(117, 12, 2)
,(73, 106, 4)
,(141, 169, 8)
,(166, 63, 4)
,(168, 52, 4)
,(55, 22, 1)
,(104, 87, 2)
,(194, 130, 3)
,(92, 121, 4)
,(176, 50, 1)
,(174, 169, 1)
,(50, 151, 2)
,(26, 198, 3)
,(160, 200, 2)
,(58, 164, 7)
,(62, 104, 9)
,(168, 69, 2)
,(148, 67, 10)
,(119, 107, 10)
,(99, 64, 4)
,(52, 8, 4)
,(48, 91, 4)
,(139, 85, 3)
,(88, 71, 2)
,(174, 157, 7)
,(147, 90, 8)
,(114, 189, 2)
,(10, 96, 2)
,(183, 118, 3)
,(70, 83, 8)
,(58, 184, 1)
,(51, 170, 2)
,(66, 33, 6)
,(5, 114, 2)
,(150, 3, 1)
,(127, 176, 2)
,(185, 51, 4)
,(166, 98, 1)
,(133, 180, 1)
,(151, 42, 9)
,(115, 156, 2)
,(134, 151, 2)
,(200, 134, 7)
,(14, 191, 2)
,(175, 57, 3)
,(109, 21, 10)
,(45, 65, 2)
,(124, 10, 7)
,(158, 3, 3)
,(175, 51, 9)
,(65, 153, 5)
,(159, 181, 1)
,(3, 31, 5)
,(29, 111, 2)
,(139, 20, 1)
,(180, 109, 3)
,(184, 54, 1)
,(33, 9, 1)
,(191, 52, 4)
,(200, 162, 1)
,(54, 148, 3)
,(41, 182, 8)
,(48, 187, 4)
,(88, 164, 2)
,(75, 83, 3)
,(109, 52, 2)
,(120, 185, 4)
,(112, 126, 5)
,(91, 70, 2)
,(158, 76, 4)
,(15, 162, 2)
,(189, 57, 3)
,(48, 66, 3)
,(6, 172, 4)
,(178, 161, 3)
,(91, 186, 1)
,(161, 28, 9)
,(147, 127, 4)
,(55, 50, 3)
,(196, 176, 1)
,(97, 38, 2)
,(138, 138, 8)
,(155, 140, 5)
,(102, 178, 6)
,(157, 140, 3)
,(152, 22, 1)
,(44, 24, 6)
,(124, 80, 1)
,(141, 150, 4)
,(198, 34, 1)
,(145, 176, 4)
,(24, 57, 4)
,(152, 115, 2)
,(107, 134, 10)
,(72, 160, 8)
,(29, 45, 1)
,(5, 58, 6)
,(94, 43, 3)
,(1, 73, 6)
,(90, 8, 4)
,(172, 74, 2)
,(184, 164, 3)
,(96, 192, 2)
,(180, 100, 3)
,(169, 49, 2)
,(179, 98, 1)
,(126, 197, 10)
,(134, 53, 7)
,(148, 190, 1)
,(133, 195, 7)
,(113, 110, 5)
,(42, 10, 9)
,(154, 95, 1)
,(69, 194, 9)
,(2, 55, 2)
,(133, 46, 1)
,(129, 26, 2)
,(150, 193, 8)
,(20, 127, 1)
,(50, 27, 1)
,(100, 11, 9)
,(101, 103, 2)
,(166, 66, 5)
,(16, 173, 9)
,(195, 12, 4)
,(8, 104, 1)
,(136, 56, 10)
,(25, 131, 1)
,(88, 89, 2)
,(150, 123, 7)
,(73, 154, 4)
,(53, 73, 1)
,(11, 19, 2)
,(101, 59, 6)
,(95, 167, 2)
,(193, 129, 4)
,(8, 196, 1)
,(165, 123, 4)
,(134, 70, 1)
,(15, 118, 1)
,(162, 105, 1)
,(74, 149, 7)
,(67, 21, 9)
,(46, 131, 1)
,(136, 169, 1)
,(117, 23, 1)
,(73, 175, 10)
,(141, 10, 3)
,(166, 60, 8)
,(168, 162, 1)
,(55, 185, 10)
,(104, 104, 3)
,(194, 127, 7)
,(92, 101, 2)
,(176, 5, 6)
,(174, 176, 1)
,(50, 2, 10)
,(26, 132, 9)
,(160, 142, 7)
,(58, 173, 4)
,(62, 103, 1)
,(168, 163, 3)
,(148, 121, 6)
,(119, 38, 1)
,(99, 118, 1)
,(52, 92, 1)
,(48, 73, 4)
,(139, 44, 8)
,(88, 104, 9)
,(174, 117, 2)
,(147, 27, 2)
,(114, 145, 1)
,(10, 81, 7)
,(183, 120, 2)
,(70, 139, 1)
,(58, 103, 2)
,(51, 112, 3)
,(66, 43, 3)
,(5, 137, 1)
,(150, 80, 2)
,(127, 91, 3)
,(185, 48, 2)
,(166, 164, 2)
,(133, 15, 1)
,(151, 54, 4)
,(115, 178, 6)
,(134, 65, 4)
,(200, 66, 1)
,(14, 162, 1)
,(175, 46, 8)
,(109, 65, 4)
,(45, 18, 9)
,(124, 117, 2)
,(158, 29, 10)
,(175, 45, 1)
,(65, 11, 5)
,(159, 82, 3)
,(3, 125, 1)
,(29, 196, 9)
,(139, 36, 1)
,(180, 119, 10)
,(184, 199, 8)
,(33, 24, 6)
,(191, 124, 8)
,(200, 178, 1)
,(50, 16, 4)
,(41, 108, 10)
,(48, 110, 5)
,(88, 145, 3)
,(75, 175, 6)
,(109, 161, 1)
,(120, 66, 3)
,(112, 151, 1)
,(91, 90, 2)
,(158, 43, 1)
,(15, 181, 1)
,(189, 45, 10)
,(48, 130, 4)
,(6, 67, 3)
,(178, 146, 6)
,(91, 134, 1)
,(161, 31, 2)
,(147, 187, 5)
,(55, 100, 8)
,(196, 127, 10)
,(97, 198, 3)
,(138, 41, 9)
,(155, 172, 10)
,(102, 111, 9)
,(157, 31, 4)
,(152, 184, 3)
,(44, 75, 6)
,(124, 52, 2)
,(141, 31, 1)
,(198, 94, 5)
,(145, 31, 8)
,(24, 72, 9)
,(152, 185, 4)
,(107, 74, 1)
,(72, 136, 1)
,(29, 194, 3)
,(5, 183, 9)
,(94, 184, 3)
,(1, 61, 4)
,(90, 200, 2)
,(172, 100, 3)
,(184, 172, 4)
,(96, 113, 1)
,(180, 122, 4)
,(169, 138, 1)
,(179, 179, 1)
,(126, 62, 2)
,(134, 88, 1)
,(148, 17, 4)
,(133, 95, 2)
,(113, 170, 2)
,(42, 7, 8)
,(154, 189, 2)
,(69, 178, 10)
,(2, 182, 1)
,(133, 90, 1)
,(129, 67, 4)
,(150, 175, 4)
,(20, 44, 4)
,(50, 125, 7)
,(100, 14, 4)
,(101, 46, 6)
,(166, 4, 4)
,(16, 66, 3)
,(195, 63, 1)
,(8, 199, 2)
,(136, 176, 2)
,(25, 35, 3)
,(88, 70, 9)
,(50, 113, 1)
,(73, 49, 1)
,(53, 84, 4)
,(11, 101, 1)
,(101, 177, 3)
,(95, 36, 5)
,(193, 25, 9)
,(8, 9, 3)
,(165, 110, 10)
,(134, 178, 7)
,(15, 47, 2)
,(162, 25, 1)
,(74, 110, 3)
,(67, 114, 1)
,(46, 2, 4)
,(136, 178, 2)
,(117, 170, 1)
,(73, 52, 4)
,(141, 200, 4)
,(166, 88, 3)
,(168, 176, 4)
,(55, 171, 9)
,(104, 32, 4)
,(194, 85, 4)
,(92, 4, 2)
,(176, 44, 8)
,(174, 44, 9)
,(50, 127, 1)
,(26, 48, 2)
,(160, 87, 2)
,(58, 5, 4)
,(62, 124, 4)
,(168, 106, 1)
,(148, 149, 4)
,(119, 163, 1)
,(99, 192, 2)
,(52, 163, 1)
,(48, 41, 2)
,(139, 170, 5)
,(88, 173, 4)
,(174, 127, 10)
,(147, 119, 4)
,(114, 99, 3)
,(10, 61, 1)
,(183, 64, 3)
,(70, 103, 2)
,(58, 188, 1)
,(51, 174, 1)
,(66, 30, 3)
,(5, 98, 7)
,(150, 113, 6)
,(127, 40, 1)
,(185, 75, 3)
,(166, 178, 1)
,(133, 150, 1)
,(151, 119, 9)
,(115, 97, 1)
,(134, 185, 2)
,(200, 108, 2)
,(14, 69, 1)
,(175, 166, 1)
,(109, 44, 10)
,(45, 49, 7)
,(124, 40, 1)
,(158, 33, 3)
,(175, 87, 9)
,(65, 42, 1)
,(159, 21, 9)
,(3, 178, 1)
,(29, 115, 4)
,(139, 22, 1)
,(180, 162, 2)
,(184, 200, 7)
,(33, 181, 2)
,(191, 119, 5)
,(200, 199, 4)
,(50, 158, 10)
,(41, 110, 3)
,(48, 88, 1)
,(88, 132, 5)
,(75, 192, 8)
,(109, 160, 10)
,(120, 67, 1)
,(112, 68, 6)
,(91, 91, 9)
,(158, 143, 1)
,(15, 77, 10)
,(189, 56, 5)
,(48, 93, 1)
,(6, 16, 1)
,(178, 137, 3)
,(91, 150, 5)
,(161, 62, 3)
,(147, 2, 4)
,(55, 89, 10)
,(196, 25, 1)
,(97, 179, 1)
,(138, 180, 10)
,(155, 169, 4)
,(102, 159, 1)
,(157, 133, 2)
,(152, 87, 5)
,(44, 63, 2)
,(124, 184, 5)
,(141, 27, 4)
,(198, 107, 2)
,(145, 25, 1)
,(24, 156, 1)
,(152, 125, 10)
,(107, 48, 1)
,(72, 91, 3)
,(29, 87, 9)
,(5, 31, 1)
,(94, 156, 6)
,(1, 171, 8)
,(90, 186, 10)
,(172, 129, 10)
,(184, 94, 3)
,(96, 12, 1)
,(180, 140, 6)
,(169, 117, 7)
,(179, 7, 1)
,(126, 169, 5)
,(134, 77, 3)
,(148, 9, 1)
,(133, 4, 4)
,(113, 93, 5)
,(42, 183, 6)
,(154, 81, 6)
,(69, 51, 1)
,(2, 119, 3)
,(133, 105, 1)
,(129, 141, 1)
,(150, 100, 1)
,(20, 1, 7)
,(50, 148, 9)
,(100, 159, 1)
,(101, 165, 1)
,(166, 34, 3)
,(16, 62, 1)
,(195, 141, 2)
,(8, 166, 4)
,(136, 142, 2)
,(25, 2, 9)
,(88, 170, 9)
,(150, 192, 1)
,(73, 197, 7)
,(53, 50, 6)
,(11, 32, 2)
,(101, 74, 1)
,(95, 43, 9)
,(193, 63, 1)
,(8, 109, 1)
,(165, 151, 1)
,(134, 94, 2)
,(15, 96, 2)
,(162, 200, 2)
,(74, 108, 4)
,(67, 163, 6)
,(46, 123, 2)
,(136, 80, 3)
,(117, 5, 10)
,(73, 11, 9)
,(141, 92, 6)
,(166, 147, 1)
,(168, 151, 2)
,(55, 150, 3)
,(104, 35, 3)
,(194, 21, 2)
,(92, 94, 8)
,(176, 186, 1)
,(174, 192, 10)
,(50, 126, 4)
,(26, 37, 1)
,(160, 178, 3)
,(58, 75, 1)
,(62, 6, 10)
,(168, 121, 4)
,(148, 102, 4)
,(119, 54, 5)
,(99, 74, 8)
,(52, 55, 1)
,(48, 171, 5)
,(139, 58, 6)
,(88, 75, 9)
,(174, 102, 3)
,(147, 99, 9)
,(114, 97, 3)
,(10, 7, 2)
,(183, 23, 2)
,(70, 8, 6);

INSERT INTO retailers(ret_id, proj_num, proj_name, name, rating, reviews, street, city, state, zip_code, email) VALUES(1, 5, 'Procurement and Supplier Management Phase2', 'Electron Emporium', 2.7, 59, '07292 Surrey Crossing', 'Madison', 'Wisconsin', 53716, 'contact@electronemporium.com')
,(2, 5, 'Procurement and Supplier Management Phase1', 'Mega Microelectronics', 3.5, 31, '9 Dwight Plaza', 'New York City', 'New York', 10019, 'hello@megamicroelectronics.com')
,(3, 5, 'Procurement and Supplier Management Phase3', 'Future Frontier', 1.6, 167, '038 Blaine Circle', 'Fayetteville', 'North Carolina', 28314, 'info@futurefrontier.com')
,(4, 5, 'Procurement and Supplier Management Phase2', 'Micro Magic', 2.2, 7, '40 Corscot Place', 'Sacramento', 'California', 94263, 'support@micromagic.com')
,(5, 5, 'Procurement and Supplier Management Phase3', 'Spark Plug Electronics', 4.4, 60, '26385 Namekagon Road', 'Roanoke', 'Virginia', 24020, 'info@sparkplugelectronics.com')
,(6, 5, 'Procurement and Supplier Management Phase3', 'Electric Empire', 3.0, 195, '5670 Heffernan Hill', 'Anchorage', 'Alaska', 99507, 'hello@electricempire.com')
,(7, 5, 'Procurement and Supplier Management Phase2', 'Tech Haven', 4.0, 88, '985 Union Terrace', 'Jackson', 'Mississippi', 39204, 'Tech Haven')
,(8, 5, 'Procurement and Supplier Management Phase3', 'TechLinx', 1.1, 37, '95 Quincy Trail', 'Fort Wayne', 'Indiana', 46814, 'info@techlinx.com');

INSERT INTO fulfillment(ret_id, order_id) VALUES(4, 1)
,(2, 2)
,(6, 3)
,(5, 4)
,(6, 5)
,(3, 6)
,(3, 7)
,(8, 8)
,(1, 9)
,(7, 10)
,(6, 11)
,(2, 12)
,(2, 13)
,(5, 14)
,(3, 15)
,(6, 16)
,(1, 17)
,(1, 18)
,(1, 19)
,(7, 20)
,(8, 21)
,(2, 22)
,(4, 23)
,(2, 24)
,(8, 25)
,(7, 26)
,(1, 27)
,(2, 28)
,(6, 29)
,(2, 30)
,(2, 31)
,(4, 32)
,(4, 33)
,(6, 34)
,(6, 35)
,(2, 36)
,(3, 37)
,(4, 38)
,(8, 39)
,(4, 40)
,(7, 41)
,(1, 42)
,(4, 43)
,(6, 44)
,(3, 45)
,(8, 46)
,(2, 47)
,(5, 48)
,(3, 49)
,(8, 50)
,(4, 51)
,(1, 52)
,(4, 53)
,(7, 54)
,(4, 55)
,(1, 56)
,(4, 57)
,(1, 58)
,(3, 59)
,(8, 60)
,(7, 61)
,(6, 62)
,(4, 63)
,(4, 64)
,(8, 65)
,(8, 66)
,(7, 67)
,(3, 68)
,(1, 69)
,(5, 70)
,(8, 71)
,(1, 72)
,(3, 73)
,(7, 74)
,(7, 75)
,(3, 76)
,(7, 77)
,(6, 78)
,(7, 79)
,(5, 80)
,(4, 81)
,(7, 82)
,(2, 83)
,(3, 84)
,(3, 85)
,(2, 86)
,(5, 87)
,(6, 88)
,(2, 89)
,(7, 90)
,(3, 91)
,(6, 92)
,(5, 93)
,(3, 94)
,(7, 95)
,(8, 96)
,(3, 97)
,(6, 98)
,(8, 99)
,(7, 100)
,(8, 101)
,(8, 102)
,(5, 103)
,(7, 104)
,(5, 105)
,(3, 106)
,(7, 107)
,(3, 108)
,(8, 109)
,(6, 110)
,(7, 111)
,(7, 112)
,(3, 113)
,(8, 114)
,(4, 115)
,(5, 116)
,(4, 117)
,(8, 118)
,(2, 119)
,(4, 120)
,(2, 121)
,(3, 122)
,(5, 123)
,(3, 124)
,(2, 125)
,(7, 126)
,(3, 127)
,(5, 128)
,(6, 129)
,(2, 130)
,(6, 131)
,(7, 132)
,(1, 133)
,(6, 134)
,(7, 135)
,(3, 136)
,(6, 137)
,(4, 138)
,(7, 139)
,(4, 140)
,(8, 141)
,(5, 142)
,(7, 143)
,(6, 144)
,(1, 145)
,(4, 146)
,(6, 147)
,(3, 148)
,(2, 149)
,(4, 150)
,(7, 151)
,(1, 152)
,(2, 153)
,(4, 154)
,(7, 155)
,(1, 156)
,(2, 157)
,(1, 158)
,(8, 159)
,(2, 160)
,(5, 161)
,(3, 162)
,(3, 163)
,(4, 164)
,(6, 165)
,(1, 166)
,(6, 167)
,(3, 168)
,(6, 169)
,(5, 170)
,(7, 171)
,(4, 172)
,(7, 173)
,(5, 174)
,(1, 175)
,(8, 176)
,(5, 177)
,(2, 178)
,(1, 179)
,(1, 180)
,(7, 181)
,(5, 182)
,(5, 183)
,(8, 184)
,(3, 185)
,(2, 186)
,(3, 187)
,(1, 188)
,(6, 189)
,(2, 190)
,(2, 191)
,(1, 192)
,(6, 193)
,(5, 194)
,(5, 195)
,(8, 196)
,(6, 197)
,(5, 198)
,(6, 199)
,(8, 200);

INSERT INTO retailers_products(ret_id, product_id, stock) VALUES(1, 1, 19)
,(2, 2, 17)
,(4, 3, 20)
,(3, 4, 15)
,(7, 5, 19)
,(4, 6, 18)
,(5, 7, 2)
,(7, 8, 12)
,(1, 9, 2)
,(2, 10, 19)
,(8, 11, 13)
,(5, 12, 0)
,(8, 13, 8)
,(8, 14, 16)
,(6, 15, 2)
,(7, 16, 12)
,(6, 17, 17)
,(8, 18, 9)
,(6, 19, 19)
,(6, 20, 5)
,(3, 21, 8)
,(8, 22, 0)
,(8, 23, 5)
,(7, 24, 17)
,(4, 25, 10)
,(6, 26, 8)
,(1, 27, 8)
,(3, 28, 13)
,(6, 29, 19)
,(4, 30, 0)
,(7, 31, 6)
,(1, 32, 3)
,(5, 33, 16)
,(5, 34, 19)
,(4, 35, 18)
,(4, 36, 14)
,(1, 37, 11)
,(4, 38, 11)
,(3, 39, 20)
,(2, 40, 13)
,(3, 41, 8)
,(2, 42, 6)
,(6, 43, 3)
,(5, 44, 7)
,(2, 45, 10)
,(2, 46, 10)
,(5, 47, 12)
,(6, 48, 1)
,(4, 49, 5)
,(7, 50, 6)
,(1, 51, 15)
,(5, 52, 11)
,(3, 53, 3)
,(8, 54, 11)
,(7, 55, 14)
,(5, 56, 16)
,(4, 57, 4)
,(1, 58, 16)
,(3, 59, 4)
,(2, 60, 18)
,(2, 61, 17)
,(7, 62, 5)
,(8, 63, 10)
,(5, 64, 13)
,(4, 65, 1)
,(8, 66, 9)
,(1, 67, 14)
,(6, 68, 17)
,(4, 69, 0)
,(4, 70, 20)
,(1, 71, 8)
,(8, 72, 6)
,(3, 73, 4)
,(4, 74, 20)
,(1, 75, 10)
,(8, 76, 3)
,(7, 77, 6)
,(4, 78, 16)
,(7, 79, 3)
,(6, 80, 2)
,(3, 81, 11)
,(2, 82, 9)
,(4, 83, 3)
,(3, 84, 20)
,(8, 85, 0)
,(7, 86, 0)
,(2, 87, 5)
,(3, 88, 14)
,(6, 89, 6)
,(1, 90, 5)
,(7, 91, 13)
,(4, 92, 3)
,(4, 93, 20)
,(5, 94, 14)
,(1, 95, 10)
,(2, 96, 13)
,(6, 97, 18)
,(6, 98, 7)
,(1, 99, 19)
,(4, 100, 18)
,(5, 101, 9)
,(1, 102, 14)
,(5, 103, 7)
,(4, 104, 0)
,(1, 105, 9)
,(1, 106, 7)
,(8, 107, 19)
,(5, 108, 4)
,(1, 109, 8)
,(4, 110, 1)
,(8, 111, 1)
,(5, 112, 11)
,(2, 113, 6)
,(2, 114, 3)
,(1, 115, 8)
,(4, 116, 18)
,(7, 117, 10)
,(3, 118, 18)
,(6, 119, 10)
,(7, 120, 2)
,(8, 121, 13)
,(8, 122, 17)
,(2, 123, 1)
,(3, 124, 3)
,(8, 125, 4)
,(5, 126, 6)
,(7, 127, 13)
,(3, 128, 11)
,(2, 129, 3)
,(7, 130, 19)
,(4, 131, 6)
,(6, 132, 2)
,(4, 133, 2)
,(8, 134, 8)
,(3, 135, 2)
,(3, 136, 20)
,(3, 137, 7)
,(3, 138, 2)
,(1, 139, 4)
,(6, 140, 17)
,(8, 141, 4)
,(8, 142, 12)
,(4, 143, 18)
,(5, 144, 3)
,(6, 145, 15)
,(4, 146, 16)
,(3, 147, 14)
,(3, 148, 12)
,(3, 149, 16)
,(1, 150, 19)
,(7, 151, 8)
,(7, 152, 11)
,(4, 153, 10)
,(5, 154, 17)
,(4, 155, 13)
,(3, 156, 0)
,(6, 157, 14)
,(1, 158, 0)
,(8, 159, 16)
,(3, 160, 13)
,(1, 161, 10)
,(3, 162, 7)
,(4, 163, 15)
,(3, 164, 7)
,(7, 165, 18)
,(2, 166, 4)
,(1, 167, 10)
,(5, 168, 13)
,(3, 169, 1)
,(4, 170, 13)
,(3, 171, 6)
,(8, 172, 12)
,(6, 173, 0)
,(3, 174, 5)
,(5, 175, 4)
,(8, 176, 0)
,(8, 177, 7)
,(7, 178, 5)
,(1, 179, 7)
,(6, 180, 17)
,(8, 181, 5)
,(5, 182, 10)
,(5, 183, 14)
,(1, 184, 10)
,(2, 185, 0)
,(8, 186, 20)
,(6, 187, 4)
,(2, 188, 7)
,(4, 189, 0)
,(6, 190, 1)
,(4, 191, 17)
,(1, 192, 7)
,(7, 193, 8)
,(4, 194, 15)
,(6, 195, 20)
,(4, 196, 7)
,(1, 197, 15)
,(7, 198, 14)
,(4, 199, 15)
,(6, 200, 18);

INSERT INTO promotions(proj_num, proj_name, prod_id, discount, promo_code, start_date, end_date) VALUES(0, 'Easter2017', 22, 16, 'Easter', '2017-04-16', '2017-04-16')
,(0, 'Easter2017', 137, 20, 'Easter', '2017-04-16', '2017-04-16')
,(0, 'Easter2017', 189, 14, 'Easter', '2017-04-16', '2017-04-16')
,(0, 'Easter2018', 97, 45, 'Easter', '2018-04-01', '2018-04-01')
,(0, 'Easter2018', 105, 49, 'Easter', '2018-04-01', '2018-04-01')
,(0, 'Easter2018', 185, 47, 'Easter', '2018-04-01', '2018-04-01')
,(0, 'Easter2019', 2, 38, 'Easter', '2019-04-21', '2019-04-21')
,(0, 'Easter2019', 81, 35, 'Easter', '2019-04-21', '2019-04-21')
,(0, 'Easter2019', 83, 49, 'Easter', '2019-04-21', '2019-04-21')
,(0, 'Easter2019', 89, 24, 'Easter', '2019-04-21', '2019-04-21')
,(0, 'Easter2019', 104, 14, 'Easter', '2019-04-21', '2019-04-21')
,(0, 'Easter2019', 112, 39, 'Easter', '2019-04-21', '2019-04-21')
,(0, 'Easter2019', 160, 34, 'Easter', '2019-04-21', '2019-04-21')
,(0, 'Easter2019', 167, 17, 'Easter', '2019-04-21', '2019-04-21')
,(0, 'Easter2020', 152, 7, 'Easter', '2020-04-12', '2020-04-12')
,(0, 'Easter2021', 3, 8, 'Easter', '2021-04-04', '2021-04-04')
,(0, 'Easter2022', 7, 8, 'Easter', '2022-04-17', '2022-04-17')
,(0, 'Easter2022', 116, 47, 'Easter', '2022-04-17', '2022-04-17')
,(0, 'Easter2022', 139, 29, 'Easter', '2022-04-17', '2022-04-17')
,(0, 'Easter2023', 79, 37, 'Easter', '2023-04-09', '2023-04-09')
,(1, 'July Fourth2016', 56, 19.5, 'July Fourth', '2016-07-04', '2016-07-04')
,(1, 'July Fourth2016', 63, 2, 'July Fourth', '2016-07-04', '2016-07-04')
,(1, 'July Fourth2016', 184, 15, 'July Fourth', '2016-07-04', '2016-07-04')
,(1, 'July Fourth2018', 130, 11, 'July Fourth', '2018-07-04', '2018-07-04')
,(1, 'July Fourth2019', 172, 25, 'July Fourth', '2019-07-04', '2019-07-04')
,(1, 'July Fourth2019', 175, 26, 'July Fourth', '2019-07-04', '2019-07-04')
,(1, 'July Fourth2020', 57, 21, 'July Fourth', '2020-07-04', '2020-07-04')
,(1, 'July Fourth2020', 123, 33.5, 'July Fourth', '2020-07-04', '2020-07-04')
,(1, 'July Fourth2021', 114, 21, 'July Fourth', '2021-07-04', '2021-07-04')
,(1, 'July Fourth2021', 153, 3, 'July Fourth', '2021-07-04', '2021-07-04')
,(2, 'Black Friday2016', 128, 3, 'Black Friday', '2016-11-24', '2016-11-25')
,(2, 'Black Friday2016', 151, 33, 'Black Friday', '2016-11-24', '2016-11-25')
,(2, 'Black Friday2016', 159, 27, 'Black Friday', '2016-11-24', '2016-11-25')
,(2, 'Black Friday2016', 161, 43.5, 'Black Friday', '2016-11-24', '2016-11-25')
,(2, 'Black Friday2017', 28, 47, 'Black Friday', '2017-11-23', '2017-11-24')
,(2, 'Black Friday2017', 162, 43, 'Black Friday', '2017-11-23', '2017-11-24')
,(2, 'Black Friday2018', 120, 25, 'Black Friday', '2018-11-23', '2018-11-23')
,(2, 'Black Friday2020', 65, 35, 'Black Friday', '2020-11-27', '2020-11-27')
,(2, 'Black Friday2021', 54, 22, 'Black Friday', '2021-11-26', '2021-11-26')
,(2, 'Black Friday2021', 143, 43, 'Black Friday', '2021-11-26', '2021-11-26')
,(2, 'Black Friday2022', 75, 20, 'Black Friday', '2022-11-25', '2022-11-25')
,(3, 'Christmas2016', 40, 6, 'Christmas', '2016-12-19', '2016-12-25')
,(3, 'Christmas2016', 99, 8, 'Christmas', '2016-12-19', '2016-12-25')
,(3, 'Christmas2016', 107, 34, 'Christmas', '2016-12-19', '2016-12-25')
,(3, 'Christmas2016', 128, 37, 'Christmas', '2016-12-19', '2016-12-25')
,(3, 'Christmas2016', 135, 38, 'Christmas', '2016-12-19', '2016-12-25')
,(3, 'Christmas2016', 151, 45, 'Christmas', '2016-12-19', '2016-12-25')
,(3, 'Christmas2016', 177, 30, 'Christmas', '2016-12-19', '2016-12-25')
,(3, 'Christmas2017', 28, 3, 'Christmas', '2017-12-18', '2017-12-25')
,(3, 'Christmas2017', 32, 41, 'Christmas', '2017-12-18', '2017-12-25')
,(3, 'Christmas2017', 133, 8, 'Christmas', '2017-12-18', '2017-12-25')
,(3, 'Christmas2017', 166, 30, 'Christmas', '2017-12-18', '2017-12-25')
,(3, 'Christmas2019', 18, 41, 'Christmas', '2019-12-23', '2019-12-25')
,(3, 'Christmas2019', 93, 11, 'Christmas', '2019-12-23', '2019-12-25')
,(3, 'Christmas2019', 113, 23, 'Christmas', '2019-12-23', '2019-12-25')
,(3, 'Christmas2019', 168, 27, 'Christmas', '2019-12-23', '2019-12-25')
,(3, 'Christmas2021', 36, 12, 'Christmas', '2021-12-20', '2021-12-25')
,(3, 'Christmas2021', 165, 44, 'Christmas', '2021-12-20', '2021-12-25')
,(3, 'Christmas2022', 52, 27, 'Christmas', '2022-12-19', '2022-12-25')
,(3, 'Christmas2022', 102, 13, 'Christmas', '2022-12-19', '2022-12-25')
,(4, 'Thanks Giving2016', 159, 41, 'Thanks Giving', '2016-11-17', '2016-11-24')
,(4, 'Thanks Giving2016', 161, 25, 'Thanks Giving', '2016-11-17', '2016-11-24')
,(4, 'Thanks Giving2017', 162, 43, 'Thanks Giving', '2017-11-16', '2017-11-23')
,(4, 'Thanks Giving2018', 120, 10, 'Thanks Giving', '2018-11-22', '2018-11-23')
,(4, 'Thanks Giving2020', 65, 26, 'Thanks Giving', '2020-11-19', '2020-11-27')
,(4, 'Thanks Giving2021', 54, 24, 'Thanks Giving', '2021-11-18', '2021-11-26')
,(4, 'Thanks Giving2021', 143, 14, 'Thanks Giving', '2021-11-18', '2021-11-26')
,(4, 'Thanks Giving2022', 75, 5, 'Thanks Giving', '2022-11-17', '2022-11-25');